,Port1,Port2,Port3,Port4,Port5
20170921,0.5741387373779908,0.09602220774658847,0.023379130469680112,0.12019849656911842,-0.12945806209643518
20171021,0.40796774533154784,0.909516452165026,0.13590919074298308,0.264379847375497,0.39205734317221574
20171120,3.00696355292743,2.466429189112649,1.8126223945960023,4.74449489026529,2.9455187101916898
20171220,3.2450549262820703,0.19547612008426685,0.25808227016519275,0.3861514586961306,0.4583844147374099
20180119,-0.1879409081006551,-0.26001419626921,-0.3357714215553759,-0.30939739473467,-0.434747288558088
20180218,-0.3861724374909241,-0.43395026066790665,-0.4145537035070119,-0.3496803785819119,-0.3504631726327118
