,Port1,Port2,Port3,Port4,Port5
20171031,4.410281355476157,4.596967452309669,8.537944104173825,2.652133007183193,3.0781904776448936
20171220,0.15710793006404905,0.6811409502766316,-0.139262383249054,-0.4232191769424316,0.008534271030042583
20180208,-0.38869255168621,-0.42021670695533847,-0.500565476363127,-0.49946178040398237,-0.5083761458751747
