,Port1,Port2,Port3,Port4,Port5
20170921,0.449031822778962,0.16430848958561325,0.03536102971957729,0.22259424433469496,-0.041811873383940816
20171031,1.8306060946993454,0.7222616308301935,1.3228378623675943,1.7845830776800768,2.0130074880784106
20171210,2.299655623914406,3.2050840841776393,5.459758656507135,0.9359628513562189,3.3024865004852786
20180119,-0.327358797443875,-0.3582076031966351,-0.4850012392563644,-0.38825453665106613,-0.5178917624465831
