,Port1,Port2,Port3,Port4,Port5
20171110,2.875920956993349,2.496896160157274,15.959933654830415,2.184752148527679,4.171841071845052
20171230,0.22643537715842205,-0.0005684912096683635,-0.04680396593773043,0.030390512999085493,-0.11530044927808693
