,Port1,Port2,Port3,Port4,Port5
20180109,-0.5532140001044001,-0.5606873483574072,-0.6809257210400229,-0.6835601888734227,-0.6531407945015223
