,Port1,Port2,Port3,Port4,Port5
20171031,0.9471688957311991,0.7207759731290063,1.0829570228970995,0.4410444518595438,0.46672555954463946
20171130,1.385223940237795,1.6112843691046266,1.3959253557676892,1.2147323131307373,9.780129953408103
20171230,0.7457637669382657,0.48047241623853065,0.3973687339323978,0.011048710360933219,0.8966971019604876
20180129,-0.285124289379333,-0.3309132947909036,-0.469070336868566,-0.4608978982551037,-0.41699926236717666
20180228,-0.43596070893779204,-0.25717535318522583,-0.4296310776634009,-0.44420507636492634,-0.38557023290870673
