,Port1,Port2,Port3,Port4,Port5
20170921,0.34622097931135104,0.11994738737620732,0.10844221678892181,0.09435828584941729,-0.0636120270242505
20171011,0.00014481766527548283,0.0436983830829495,0.06552794605905692,0.03363107336142242,0.28419920142794625
20171031,0.4037982531394013,0.23892925755992925,0.308432574989209,0.507422684193781,0.25941903074822337
20171120,0.5654587557747364,0.8832937810573649,0.518600153108958,0.8957462251893653,1.1215295238284513
20171210,1.4726013018718074,0.9967156073521055,1.5552060841603663,0.6707204223214582,2.3230335609632604
20171230,0.4557536396457414,0.49029523151597443,0.3544773314202909,0.6912163239752777,1.1538915170254451
20180119,-0.30352012925905364,-0.3876965070928935,-0.3614655213707735,-0.3740518087349145,-0.46852245873700454
20180208,-0.05180894979586455,-0.01730163756642907,-0.16564148406699847,-0.0027340868292670267,-0.05773756042780697
20180228,-0.2264208555095509,-0.1727631594988676,-0.27170663074667045,-0.3410122802174196,-0.2821949014022554
