,Port1,Port2,Port3,Port4,Port5
20171011,0.0678294313294708,0.03220655076176994,-0.06785902062686401,0.14162165886765832,0.025251219152452826
20171031,0.35485329258176684,0.35473525834441805,0.5866026684102958,0.3310119567849632,0.12797603530685409
20171120,0.5709712898419486,0.27816466356059544,0.6140660874177514,1.0208890406254807,1.6061248280656577
20171210,1.5734401245545413,1.6669241589404438,0.6847532628936531,0.7664497621642887,2.7199754739425037
20171230,0.715486301785906,0.24653735837713442,0.7318619378790657,0.048239937182212554,1.2832475345657923
20180119,-0.31706813294327874,-0.2683486782722385,-0.3970699017632893,-0.45278892111840363,-0.44969891858833494
20180208,-0.02115846232522767,0.045388169631489984,-0.12531317017219132,-0.1713712404040596,-0.03339758038969192
20180228,-0.2229935129286506,-0.27021254057541877,-0.1862500602617284,-0.2765035704642801,-0.2974256480624128
