,Port1,Port2,Port3,Port4,Port5
20171031,0.42596759972477677,0.413269058071434,0.5632843005972769,0.3889716085372383,0.12270061400325313
20171120,0.7626167257045073,0.6952835002430282,0.5002032256870957,1.4296419430449625,0.6555082599157662
20171210,1.4238370028800658,0.866529794781011,0.8449448303622924,0.7038645177714544,2.6823550607096114
20171230,1.0016446556787402,0.48721524183628284,0.35924033899211216,0.15495900015071126,1.263759955342455
20180119,-0.32843467533923865,-0.4075477136045744,-0.31505374401860725,-0.34716614926680917,-0.4635010619326262
20180208,0.038289789540230955,0.019064261405184267,-0.15105665868158946,-0.16181607154198555,0.028086485902026108
20180228,-0.2571553736887651,-0.1234938883139544,-0.27620474082101704,-0.29743799243849706,-0.26105434786225423
