,Port1,Port2,Port3,Port4,Port5
20171110,5.943719464926604,2.4287319657789,22.030776979775926,3.1514803629532855,4.927622446851799
20180119,-0.6334546160141206,-0.6329230228146153,-0.5973222725070342,-0.7210271310253324,-0.690597544589022
