,Port1,Port2,Port3,Port4,Port5
20170921,1.0405749773291129,0.5546926338305097,0.7613233733036651,0.6013715512033295,0.12241775765107726
20171120,5.428033104354265,5.491760263959918,8.155987788779472,15.432115050163862,2.7347856347563013
20180119,-0.4546171030952411,-0.5672589509668399,-0.5846609256244395,-0.579326810151135,-0.6392258170652574
