,Port1,Port2,Port3,Port4,Port5
20171011,0.5934614421285646,0.6285458655765228,0.19667021623794034,0.6684074592198596,0.22343608393694817
20171120,1.911614313715333,1.5898162101590358,4.138188998853914,2.3190592269286308,12.190769066014242
20171230,0.07007377151072793,-0.35747526231961146,-0.01980945308854468,-0.24385209129283222,0.08747424654615339
20180208,-0.2426952326196062,-0.2446047872880318,-0.3464553843128537,-0.35138879117986876,-0.3092024056529836
