,Port1,Port2,Port3,Port4,Port5
20171011,0.21569164230932722,0.37246568576357003,-0.031028203335179583,0.3008332682048383,0.10510448040100051
20171110,1.2516007748078826,1.2989284755747725,0.6663119588045563,0.5508889181111466,2.2872233646317666
20171210,5.6067683750933295,5.315211227222044,2.7567393829192595,1.143211694606239,5.933650141498979
20180109,-0.40330843160906216,-0.45836598466361955,-0.5781861930866595,-0.5266932632145559,-0.5573102934664425
20180208,-0.21343438836590092,-0.1759904768745608,-0.29540954843853,-0.2869768979540646,-0.2542851602300782
