,Port1,Port2,Port3,Port4,Port5
20171011,11.917844384592195,4.154613445451238,3.408008818881857,5.199437107965734,2.112719141812229
20171220,0.48642188048477275,0.006581141597266175,-0.16275597011271803,-0.3956288753146772,-0.015743931793598877
