,Port1,Port2,Port3,Port4,Port5
20180109,-0.6429306888788364,-0.5604687213965319,-0.6009224377243827,-0.7131329075664784,-0.6932348738645282
