,Port1,Port2,Port3,Port4,Port5
20171011,1.2720279775213992,1.0223114471481098,0.38355684229667353,1.1835507392367746,0.34321953653873744
20171130,3.7256458126449665,3.091871831633027,5.522323095170443,12.044413841409774,1.9646213792571252
20180119,-0.38037227386946976,-0.44982767520135586,-0.5844821619843618,-0.6002848308340593,-0.6337466388093991
