,Port1,Port2,Port3,Port4,Port5
20171031,2.325459430219171,1.595132175568116,2.3999672349568515,0.9425377175841422,1.0642369087463477
20171210,7.003215210929587,1.769276519802534,1.6862723440988636,0.9490423091981427,3.784063701369249
20180119,-0.34035765746401264,-0.3524278847200491,-0.3090014161678268,-0.4852320692191202,-0.49231724977953567
