,Port1,Port2,Port3,Port4,Port5
20170921,1.7537534717506826,1.0725494201423467,0.9859588542443918,0.9012458976098935,0.3754786929765954
20171130,1.668005534901309,1.0444497314640775,1.7691070150289185,6.670977131419867,1.263521476776388
