,Port1,Port2,Port3,Port4,Port5
20171110,0.618032539991866,0.4110293352101813,0.6942353602510828,0.35740118554366485,0.5092287795793039
20171130,1.4842517257853987,1.4842722456193513,1.5867623828049484,3.8126861886114547,1.7470664593530048
20171220,2.124924253744154,2.092927814254259,0.6419513722762045,0.19132404356542496,1.0225991839226791
20180109,-0.1610148839781196,-0.29128322926228817,-0.24701453589343864,-0.28299558022295446,-0.11249120223931929
20180129,-0.19412099259797436,-0.21380732494676422,-0.3167906352868193,-0.30685922063167603,-0.35566099000898294
20180218,-0.3190596515478233,-0.2908925956345291,-0.3243813201579336,-0.40498299152201817,-0.3415994093617034
20180310,-0.23330284039627555,-0.3203300333283659,-0.22967082057706195,-0.25085206376106045,-0.25365739395794434
