,Port1,Port2,Port3,Port4,Port5
20170921,0.6881861549910914,0.21920995216843675,0.26909259801839874,0.3735710269611862,0.03355109862040765
20171110,2.7155006515904416,4.407336437948398,3.2840744178798724,13.821346364839258,3.540374044254935
20171230,-0.027513714922882383,0.05364985113925857,-0.0400914745662433,0.1252619468879958,-0.0005300189997442228
