,Port1,Port2,Port3,Port4,Port5
20171031,3.590094691713674,3.6455217973883527,17.981753980048623,2.3363735584229866,3.956978787732347
20171230,0.09605973523578584,-0.1143271681751336,-0.18661236870360423,-0.37945915108559264,-0.017402892230773064
