,Port1,Port2,Port3,Port4,Port5
20171110,3.0076446892977384,3.3358353017476525,6.982171586940274,2.6748607499299193,3.6761329165814254
20171220,1.8278291218975162,0.7918740558206181,0.3701174669114408,-0.18396404385441512,0.6457595451442781
20180129,-0.45823772949441405,-0.4115504951800182,-0.575897711301521,-0.5231415796372378,-0.5861834851218982
