,Port1,Port2,Port3,Port4,Port5
20171110,1.2334857480917947,1.6552263924631458,1.9156610111486818,0.4789015982719772,1.4241220705427606
20171210,4.10297588736723,3.381149807608411,2.5652440130000187,2.538698930790387,5.682932073942688
20180109,-0.4584983137419979,-0.4988532047669997,-0.5652082786025121,-0.5361005230276372,-0.4692964910626963
20180208,-0.18082599505092417,-0.2279221565194776,-0.18522149624773604,-0.3287169497320506,-0.3227150731617493
