,Port1,Port2,Port3,Port4,Port5
20171011,3.141475183658919,1.481260140617893,1.8049992010174485,2.1175736849869975,0.7053885285715952
20171210,1.3493470130082605,1.4846002950770758,1.4648153662837533,-0.0610694693662741,2.243079990425206
