,Port1,Port2,Port3,Port4,Port5
20170905,-0.06324985288752273,-0.1083429271138722,-0.09643334165632708,0.06806002739153329,-0.13993641766786624
20170929,0.4846666858953006,-0.026445169098117182,0.1773830778997474,-0.12821124284415172,-0.22656259427458958
20171023,0.3526055372435592,0.20627940191031008,0.31666763708376144,0.34870427348843797,0.30595171695139467
20171116,1.4697883985894364,0.3984294188239742,0.724468382816453,0.8731701870270003,1.0911861571499002
20171210,2.5467249956638756,5.5734505906185445,1.4710645874341053,2.1288837600309685,2.0288663301801777
20180103,0.580325150112322,0.17802972568188646,-0.023079264814085107,-0.01066427081661071,-0.22176977352983063
20180127,-0.3433266983937401,-0.37003023936226986,-0.30172926115557885,-0.29267934893284964,-0.36474615673117744
20180220,-0.33984245519951767,-0.4202536166689729,-0.4059089163008976,-0.38419305355836136,-0.4008659924086483
