,Port1,Port2,Port3,Port4,Port5
20170905,0.2850448504906551,0.038276735126162365,-0.16871900140771742,0.394872855106913,0.1488820210111777
20171114,16.29966144085282,3.394178270142109,4.83006264168386,3.629297767016833,1.9246498140836148
