,Port1,Port2,Port3,Port4,Port5
20170915,0.09194799678357292,0.23127582659267779,-0.04637286037980689,0.06806253618791977,0.15386563743867668
20171005,0.2293522022060855,0.19608097567803223,0.14905149133489978,-0.06539964735651413,-0.04316258477999708
20171025,0.24735340397241545,0.2953383007419226,0.09894339815685967,0.0358873097222742,0.4161508625579106
20171114,0.9611125778169244,0.7902242735931073,0.4842485653879942,1.1100319350185572,0.9912092901517933
20171204,2.0189894626139817,1.1387260454771897,0.9893767964680211,0.7783429603166024,0.907226446879778
20171224,1.671291539214712,1.36294604184504,1.2869929986893267,0.871666613037376,0.506143128373539
20180113,-0.3656226565942168,-0.47580786959252735,-0.521276473983904,-0.47224523507918437,-0.47352815955798017
20180202,-0.1583348902412585,-0.056971379333890446,-0.24270431088135053,-0.12063907691253076,-0.1827535575274212
20180222,-0.26310809824612297,-0.2528068839920419,-0.32040258219704415,-0.33305002036058656,-0.29931291795488346
