,Port1,Port2,Port3,Port4,Port5
20170909,0.4072622890496241,0.11080568794709632,0.023472101667398194,0.2550282500051614,0.44147162738907303
20171118,18.642419214551143,4.773885035687218,5.149125789989308,3.1221440763513697,1.9082324588228299
