,Port1,Port2,Port3,Port4,Port5
20170909,-0.08673465819617994,0.0560042151981061,-0.10553342143442986,-0.1975965371825525,-0.04103214109238647
20171019,0.6385525367721292,1.0155692887937333,0.49780407116761066,0.8003222739512167,1.3471154672483496
20171128,15.283968183950192,3.810371955647233,3.375134977880202,4.336513160301315,2.1470498818537394
20180107,-0.26238067898178125,-0.4873186277414291,-0.3840027337369126,-0.46585789504061287,-0.46362614953587294
20180216,-0.3650071354224132,-0.43097481237191987,-0.5119932775580175,-0.49891064835205623,-0.49967603362925805
