,Port1,Port2,Port3,Port4,Port5
20170905,-0.0547558286534299,-0.14996194537784374,-0.3490575357757631,0.045119222036582855,0.03623205281845868
20180103,-0.05818693257200521,-0.15556341130485077,-0.47522176330395904,-0.4216060515673426,-0.42152467042107084
