,Port1,Port2,Port3,Port4,Port5
20170909,-0.036633556052346035,-0.001886877004870733,-0.1575581857451393,-0.16805736847320657,0.03121648352750629
20171029,4.313302168262561,5.508175968322321,3.780367758307108,1.9433773119312765,3.7190601048391825
20171218,0.7790914686320971,-0.09323571690815853,0.2942615687449288,-0.34483908013728753,-0.3017409829614815
20180206,-0.21112002319474094,-0.33020312197244683,-0.31042313315090847,-0.37007010377202726,-0.35813278660263065
