,Port1,Port2,Port3,Port4,Port5
20170915,0.2533946288092529,0.386461696431651,-0.03360026123903427,0.002805389733834142,0.1792281845219576
20171025,0.7130558691056466,1.9033816252004283,0.9239253724460742,1.1024492096642593,1.6890218153305463
20171204,11.534459253220282,3.030694494589135,2.179624477143842,2.1908014246405796,2.265870758293459
20180113,-0.49493069326546296,-0.5459268884081327,-0.6020080337126583,-0.5835091806945394,-0.4959319710771153
