,Port1,Port2,Port3,Port4,Port5
20170915,1.0998334110818662,0.5888003717519067,0.3170008037075075,0.4802067933176628,1.05870102037831
20171124,12.949753705262495,2.9165848942547514,1.8538464941655184,1.8782240952702287,1.0053780927876752
