,Port1,Port2,Port3,Port4,Port5
20170915,0.9519661614638333,0.29032039568355017,-0.0815251544200824,0.00027569269136823313,0.20070192703709008
20171015,0.31731310888347786,0.10020365473347553,0.38407420341225945,0.15012675423077604,0.5557716266690153
20171114,1.2757485298564524,3.2882862639232995,1.2380490558648074,2.3462185755586855,2.2392607667020625
20171214,4.586787989073571,2.3655247768044667,3.1864820917196375,0.8641430643193623,0.696007415920816
20180113,-0.4346035793822278,-0.5243659801060871,-0.5166910988009925,-0.5128384100186842,-0.47934368887499373
20180212,-0.2964533171291133,-0.3572174544836253,-0.47641925827486015,-0.3559526669544425,-0.3335026506701854
