,Port1,Port2,Port3,Port4,Port5
20170915,0.05922129454768235,0.1894560772511872,-0.10736629345896086,-0.0038116762323425622,0.4137653656354465
20171104,8.216049738606499,3.9474973022573385,2.323245038110223,4.882680782346358,3.2940837419437834
20171224,0.2505546787698082,0.15256986706760883,0.04644880406358443,-0.09608677407338041,-0.11141217894824944
