,Port1,Port2,Port3,Port4,Port5
20170909,0.1646531459905246,-0.09588842283891008,-0.2183258127951483,-0.1972491492707522,-0.1161602405204946
20171009,0.13242676474952653,0.33584710417645963,0.2550543089939002,0.23360074419400226,0.39631467194274284
20171108,1.5290231904609166,0.8933576294353253,0.610704875490502,2.491505411945965,1.026744283179594
20171208,4.719097983473072,3.327822678359099,6.696733776323044,2.5399190345820974,1.3040713465044795
20180107,-0.33440036423492386,-0.6348580349728331,-0.48934709520650743,-0.5690555748191416,-0.5704757131232709
20180206,-0.062464096722935715,-0.19762336142583747,-0.206535877589207,-0.2809363235364464,-0.12221836832144309
