,Port1,Port2,Port3,Port4,Port5
20170905,-0.08570245005088414,-0.08382346118626548,-0.10229207795607188,0.003271111400776102,-0.16717411599244159
20171005,0.05592092372588756,-0.06335525204568176,-0.05698886054474549,-0.07798251839788514,0.20809860113725906
20171104,1.6470543132083584,0.7251742871843745,0.7761733318221693,1.7720194374351106,1.6457302212354799
20171204,2.4569200701236866,8.360968967816973,2.015629144577849,2.318968030279137,1.7510790648941228
20180103,0.0756930791627812,-0.19076880033801602,-0.3562096720705929,-0.35597934725731006,-0.42193991267025505
20180202,0.009969976517592816,-0.07220379793857959,-0.08202055285349043,-0.21585781088888228,-0.06695597707520215
