,Port1,Port2,Port3,Port4,Port5
20170905,0.04447331772016495,0.4786756633131354,-0.1524323426903817,0.018236707393509445,-0.14523458913647153
20171015,0.546696684289788,0.625257643166281,0.3739191669925118,0.9614113651846026,0.27917678117088096
20171124,18.050392858849026,6.053911982028996,3.866033150456499,5.040806288696519,2.3259667059338534
20180103,-0.06020646222763611,-0.23480846349038237,-0.36717528507074104,-0.4072966843211812,-0.4238459918205214
20180212,-0.2910038024389549,-0.37835774881343026,-0.36540830453990386,-0.4369640797914014,-0.3046339433555756
