,Port1,Port2,Port3,Port4,Port5
20170915,0.49541240672596615,0.4310248920173523,0.04805759093729248,0.34346574976343985,0.7033752170919269
20171114,9.36930453040764,24.795121273172818,4.715636079030344,7.3186187256057345,3.3693636732663395
20180113,-0.6162557665481844,-0.6530079449522442,-0.7352963243909205,-0.7216650942397866,-0.6240386410119094
