,Port1,Port2,Port3,Port4,Port5
20170905,0.08740167298642608,-0.03824403380718743,-0.19925841286873336,-0.043272278717918305,-0.11085273562771393
20171025,3.4565411952967304,4.328672424112559,2.3087354871837205,1.2771826181612662,2.749444903882487
20171214,1.3843357208885436,0.48046519568335183,0.7636373875561181,0.9074985490944358,-0.09678176220601765
20180202,-0.31866440996466716,-0.3649426993119319,-0.3769868639472027,-0.43721541108199163,-0.3893771620734928
