,Port1,Port2,Port3,Port4,Port5
20170909,-0.08861287948949859,-0.0729006680291626,-0.09757447883400051,-0.0700504628596039,-0.04254048946684728
20171003,0.36053651010141274,0.2765553713481678,-0.06413902679957276,-0.0876667955021194,-0.10656883699864857
20171027,0.18804983626029376,0.6075676824135017,0.054894502645706514,0.28101019722305876,0.5124460616829526
20171120,3.1982001428937945,0.5868937745164655,1.8081996407436514,1.385734981280948,1.451490217612452
20171214,3.498688539742242,2.6528753946147057,2.0387265393175564,1.5267151356955466,0.8148421841400377
20180107,-0.06668096402192451,-0.41840226099041017,-0.25169098177222243,-0.39571973145662387,-0.390590204015604
20180131,-0.35859019599697556,-0.285164397311854,-0.20905985519084724,-0.3750564278337825,-0.34206487451754586
20180224,-0.2412450121996612,-0.2660719392664258,-0.26322592626579944,-0.34215829291569777,-0.2945117904504942
