,Port1,Port2,Port3,Port4,Port5
20170915,0.3753721725571093,0.152417854614594,-0.14881729676443115,-0.05811279257263878,0.12644758084958765
20171009,0.044809048834364214,0.10336411791843071,0.04192778733264842,0.06616508471379545,0.17600630067798292
20171102,0.6091628415689194,0.9595361870009932,0.43920667803036767,0.7996991981911366,0.7182561938554896
20171126,3.0687519294928216,3.0296092512351818,1.159589068340076,1.6254178105563992,1.9204432690975026
20171220,2.7294405029047057,1.815528016896843,0.7953948793019842,0.8214134957312158,0.27888967786179064
20180113,-0.45908318842316326,-0.5711551601631415,-0.5862054090672334,-0.5489562429039474,-0.5282516496847518
20180206,0.15729748737783988,0.08623588234817545,0.058255822449113315,0.0600071918035576,0.022067206277898394
20180302,-0.35674733683564014,-0.35567304412148393,-0.353714892435144,-0.2812944655337408,-0.3938173323729724
