,Port1,Port2,Port3,Port4,Port5
20171207,1.1912260688744656,2.602606190805854,0.9119086236772921,0.7154136476291159,0.5098907933175246
20180215,-0.20848865816498224,-0.18896645556512406,-0.11130968731044213,-0.2593594827243665,-0.1099811787872979
20180426,-0.30602321785603676,-0.45860225401990945,-0.5419074901140418,-0.5915663096996114,-0.476160159567655
20180705,-0.34683899347425823,-0.45521862818228365,-0.5613030549978019,-0.5002440328265931,-0.5030889790747572
20180913,-0.4536665946684916,-0.09492536809892439,-0.27233009675058056,-0.4005719991477306,-0.40119944065736307
20181122,-0.29049556024072076,-0.26315823548904294,-0.15013950734936596,-0.10696486821640917,-0.19597242736369264
20190131,1.0385179394633444,0.7077319359880755,0.9286926348803884,0.40104614203517996,0.6474167287527545
20190411,0.303315958059793,0.07940152146197177,0.4522960203093308,0.04446487262929801,0.23563132602946588
20190620,-0.36280074805529383,-0.22853187753074122,-0.3672848890305584,-0.3637015172137404,-0.5043389917697765
