,Port1,Port2,Port3,Port4,Port5
20170915,0.11383800518515579,-0.172086699916441,0.5508633530513722,-0.07097512503598491,0.02566798540011873
20171009,0.011781040903789838,-0.16002710927263605,0.051590521322287655,0.30289584374280387,0.23317857736711833
20171102,0.6874911090411522,0.4319958611997191,0.6551152283707611,0.8354658180803292,0.9060020485209159
20171126,2.469075843342566,3.5850880638110163,1.1716107924956451,2.0779824845456325,1.5666848207660384
20171220,0.833023806607503,2.728946676280259,1.5901831054061375,0.8046552024412644,0.5066320157502182
20180113,-0.5559506379146434,-0.4629385382767857,-0.6134350195794194,-0.563780029523285,-0.49447700247443893
20180206,0.03275467647009497,0.20617869516272552,0.10863440401509124,-0.06835204877627012,0.10464786338494296
20180302,-0.36015465077440795,-0.37758356195170556,-0.360929427067146,-0.22460657182823926,-0.41797285967748254
