,Port1,Port2,Port3,Port4,Port5
20170905,-0.03344562112958428,0.14748546575419347,-0.09186725091085181,-0.13428229455465474,-0.22779281109315755
20170929,-0.07513299349515948,-0.16520178083434023,0.6788338344072273,0.04170796722138136,-0.1954925090703954
20171023,0.6066058013983092,0.06247977236929881,0.43002059011713817,0.1878046492251135,0.2115477205482597
20171116,0.7795056596658767,0.2597799976709408,0.4347360344146082,1.6286672491945464,1.5310516855634102
20171210,1.799437430039455,3.017239712792049,2.2593251063984954,4.7167610638662305,1.948155908681582
20180103,-0.08440224005003248,0.3222442139391283,0.4859743082925895,0.019035443310783055,-0.2418341973916818
20180127,-0.32370705872931066,-0.2932604181739876,-0.37917578605915203,-0.3398014457661191,-0.3365669958470465
20180220,-0.36333860807744905,-0.47933785650963084,-0.34092712292776217,-0.3629181322825227,-0.40454231433903304
