,Port1,Port2,Port3,Port4,Port5
20170909,-0.009392500257360917,-0.14116644680302098,-0.09028832713445886,-0.05959856789961733,-0.0712331365846548
20171003,-0.04884000481151246,-0.0001798755642470615,0.3192546232762606,0.14982007988490917,-0.032018852584387886
20171027,0.5380706974694999,0.30903022814743886,0.24557178942170532,-0.051934762565853825,0.5594777201015724
20171120,1.755215648599753,1.0321439346149193,1.2533151307237425,2.9944953405861954,1.5556803129998167
20171214,1.248277721419016,2.2044418544041133,4.020038909141444,2.1785447728991536,0.8878447969248408
20180107,-0.4434202789336784,-0.1488510295660474,-0.23442094391313492,-0.3668910876004651,-0.32339186206624476
20180131,-0.22742121492526798,-0.19998698416311783,-0.30287608251199205,-0.4529369542063156,-0.3867145150443117
20180224,-0.31694992045638565,-0.34661439445711606,-0.19829814742504392,-0.23006584274275615,-0.31528465601677663
