,Port1,Port2,Port3,Port4,Port5
20180531,-0.555190614079743,-0.5298930939581571,-0.5310069559951556,-0.48413787322509017,-0.6557816286798765
20180809,-0.11020808589566791,-0.054551986357400356,-0.19277316326811064,-0.2277844269690207,-0.20672507114880825
20181018,-0.3430566431220078,-0.6061959408566922,-0.4624402325784067,-0.5091016825001219,-0.5312171713926619
