,Port1,Port2,Port3,Port4,Port5
20180511,-0.448813312329498,-0.5088101734907773,-0.46749647390282234,-0.43566406827179827,-0.5698466441705883
20180720,-0.4199442982252407,-0.3017324315857412,-0.4014116490052502,-0.4620710392624442,-0.39193814808002025
20180928,-0.43864215160773357,-0.4396654617490892,-0.5641788143404591,-0.5022237148625474,-0.570449321667149
