,Port1,Port2,Port3,Port4,Port5
20180610,-0.25844896387933164,-0.2741928896834841,-0.210157236914689,-0.2404388826673907,-0.36640299912711444
20180710,-0.3397772517552424,-0.29818659938792125,-0.18750813948596282,-0.21817072233008855,-0.21595814152075646
20180809,-0.2208279287751974,-0.1913863788041078,-0.2726852592546887,-0.28323860942194773,-0.2655849473231659
20180908,0.21917367104470792,0.2516861900510277,0.16245444689985994,0.11142002555160954,0.16024478419279084
20181008,0.11180856391499604,0.012620218900007387,0.01107578747622172,0.152691741658672,0.026333187022579568
20181107,-0.547923689450554,-0.49821359703222384,-0.5422277868395903,-0.5305287648594119,-0.60186133567124
