,Port1,Port2,Port3,Port4,Port5
20180511,-0.2910818147536187,-0.3429451051309018,-0.35617789149151075,-0.23346965644987638,-0.3639211636405126
20180610,-0.2563635544007085,-0.22622878656016565,-0.26097624692259064,-0.2744377807474222,-0.29471526624725847
20180710,-0.32108906765678796,-0.272612532807855,-0.2864262851583958,-0.2019921920369235,-0.19511820008136183
20180809,-0.26106306839278387,-0.21925983430352652,-0.25967622955381037,-0.2244006465453898,-0.3009385774613529
20180908,0.2612213230118352,0.2631678028303167,0.16819298134546515,0.10758992900428993,0.08857351647102374
20181008,0.24409991058273284,-0.049010881112775954,0.015560404259579226,0.05109020890283066,0.005922719761482952
20181107,-0.5659451660058838,-0.47002817819749465,-0.5167398815615789,-0.6415539597007085,-0.5189045054020082
