,Port1,Port2,Port3,Port4,Port5
20180610,-0.2584402137293365,-0.2170720995993063,-0.13380285605769973,-0.2370653055663763,-0.3382309543887635
20180720,-0.3017068886745097,-0.32795732042518405,-0.30069788662550384,-0.3634025037793057,-0.28366409529058356
20180829,-0.012515278963668029,0.0016120514862930405,-0.10205786870523414,-0.13880975639968715,-0.04608995155388671
20181008,-0.07622940526567468,-0.2143148851402486,-0.26109082304011105,-0.17774923147018157,-0.20365644219293014
20181117,-0.4486733518496565,-0.3223920106691561,-0.4127143350286126,-0.4070953546668519,-0.3943678025769856
