,Port1,Port2,Port3,Port4,Port5
20180610,-0.449660167957263,-0.4174377467613718,-0.4064082724197377,-0.40893501048644754,-0.5543272001411692
20180809,0.03993247538935398,-0.05295551985087468,-0.18835013443596263,-0.21185619006044049,-0.17738451361811766
20181008,-0.49697544351325074,-0.4773804478162686,-0.5891238451000325,-0.5616483454299958,-0.5166033326967276
