,Port1,Port2,Port3,Port4,Port5
20180511,-0.4470975135634174,-0.5015578975121894,-0.489262292000248,-0.40755277138856577,-0.5506538357238426
20180630,-0.4406015304766888,-0.37977600540171286,-0.3083612743860297,-0.3522358775123817,-0.378690722355373
20180819,0.08286348088295363,-0.012011141221291963,0.0004234959718180553,-0.07049660209904629,-0.05561145568781131
20181008,-0.2890298565870118,-0.5383095416896678,-0.5698784011827327,-0.4640529064270144,-0.49994848317422297
