,Port1,Port2,Port3,Port4,Port5
20180531,-0.39232816821943495,-0.3736971132620108,-0.36138130371421984,-0.30193409402102017,-0.4716942578368181
20180630,-0.008923339594108105,-0.04813181888279318,0.024415323240790838,-0.021544742286071308,0.04688231882843046
20180730,-0.31868220282802906,-0.3376365920792317,-0.3235599314866222,-0.3276190498951818,-0.30571173489895476
20180829,-0.16912643965622556,-0.016741381312896684,-0.146087918131385,-0.1471315589030813,-0.048811228474944054
20180928,0.31288201596304166,0.06818836944090803,0.06305377462567703,0.20185946401451904,-0.029184989130965983
20181028,-0.4806240260174455,-0.45632318239773784,-0.5236113238627222,-0.4683545336703618,-0.5414201563351541
20181127,-0.11737775094702428,-0.030419831447060383,0.010172983758515221,-0.045491810177989034,-0.08014647499919082
