,Port1,Port2,Port3,Port4,Port5
20180610,-0.48901223629337237,-0.48947128072183665,-0.4944833774958473,-0.4822431500870218,-0.6090298015651872
20180819,0.11597204840428943,0.13834268614147238,0.0884959532670694,-0.0801182890660147,-0.02544221538409988
