,Port1,Port2,Port3,Port4,Port5
20180421,-0.17634719828350393,-0.25969426335149914,-0.4465933491249061,-0.40838708939668694,-0.3195630153401072
20180620,-0.5239403203477259,-0.4490554817837574,-0.5270045676776048,-0.33739815386180666,-0.4461609779741517
20180819,0.0012083601795314653,0.006902535104062232,-0.12424697121110805,-0.024494227298806636,-0.14507249602861316
20181018,-0.46226082884867564,-0.5269245481436059,-0.5047882511776369,-0.5175055930734808,-0.48885436383214875
