,Port1,Port2,Port3,Port4,Port5
20180531,-0.4152658572348593,-0.3923270468213303,-0.39642308098186363,-0.3376951781210941,-0.518248412452476
20180710,-0.3857288355863389,-0.407157480511083,-0.3057234777560536,-0.35658409973681526,-0.24969813946787756
20180819,0.04517474771517539,-0.07211403223288439,-0.014758719857039101,-0.021730518749455214,-0.1556753278671064
20180928,0.25956417903901036,0.12624211409111624,0.05225114470182159,0.2024716067374018,-0.0014208940196333197
20181107,-0.5217077463733392,-0.35327587376950664,-0.576972445418654,-0.6289457147796821,-0.596063733347671
