,Port1,Port2,Port3,Port4,Port5
20180531,-0.4052798318337247,-0.3411400349262641,-0.3329560761374761,-0.34115294393588325,-0.4973717422083882
20180720,-0.45409594219361543,-0.45104258680138304,-0.4556197763096624,-0.47428172442640165,-0.4474065004213848
20180908,0.3964248718659948,0.2670883843682666,0.24992706343841084,0.12962368345447156,0.16090208305810863
20181028,-0.5735699772476066,-0.506541202872408,-0.5138601864763046,-0.530349288570705,-0.5719206835804028
