,Port1,Port2,Port3,Port4,Port5
20180421,-0.1005055610153374,-0.08938033988476923,-0.37106266799540844,-0.33118934082006096,-0.26611386055268843
20180610,-0.30466522434045834,-0.19522318151645932,-0.19730465263533872,-0.21368513800217492,-0.24275440584828192
20180730,-0.47079369202224414,-0.39544986323336384,-0.5279275374724103,-0.4300180366413403,-0.46558821341229956
20180918,0.292549593572113,0.30871729791137276,0.23148862950567614,0.17235662385916012,-0.021432858033504185
20181107,-0.5031395357980181,-0.529251104529233,-0.5378479635278426,-0.475115068362999,-0.4759030198716188
