,Port1,Port2,Port3,Port4,Port5
20180531,-0.40435522623832626,-0.35059830670377984,-0.32838912320195024,-0.31204702948797747,-0.4916318303053303
20180730,-0.34463981444263814,-0.39618066902514404,-0.4494987195242828,-0.3965418379633564,-0.41457196633423743
20180928,-0.32689774492192164,-0.4941753709479944,-0.4527148986328961,-0.41686154621003574,-0.49064936510295487
