,Port1,Port2,Port3,Port4,Port5
20180511,-0.3360180276154878,-0.40696526669310706,-0.40084656483721565,-0.32417920394881905,-0.4523472562301603
20180620,-0.11133429053879,-0.14910122472646334,-0.16459106210494837,-0.16905016364381537,-0.133800669532384
20180730,-0.4811807248159791,-0.4705146835619065,-0.47309804916791687,-0.46046953517646405,-0.4641616865651108
20180908,0.21400155576658628,0.22036499786467595,0.1272966698512313,0.00984524155406789,0.05343378843342234
20181018,-0.3864776303807838,-0.44480061388227166,-0.41321286443728217,-0.5071514731636315,-0.48707419046376205
