,Port1,Port2,Port3,Port4,Port5
20180421,0.10673989526899254,0.271470920418654,-0.2091892835003766,-0.16726671204406396,-0.11910482107265784
20180531,-0.4396136411825958,-0.37636808553956375,-0.40653982055829274,-0.27102486200964426,-0.45186863708990166
20180710,-0.3214290222784397,-0.4078662912898206,-0.34963328429574686,-0.34035612786307146,-0.32713941976706173
20180819,0.01183484381437213,-0.010142534318524597,-0.09026202253064948,-0.031253411971569764,-0.1429418773016644
20180928,0.24776171472928007,0.014180485460560192,0.11560080470291642,0.0029645442391010896,0.1746263265857628
20181107,-0.5165596742947319,-0.5050029718102869,-0.5552118507530528,-0.4888295256946863,-0.5180754222293356
