,Port1,Port2,Port3,Port4,Port5
20180511,-0.47060835655993943,-0.519598475023627,-0.5232763420349559,-0.44224002450816985,-0.5874539473052135
20180710,-0.46628399376625307,-0.4401822854027055,-0.4739651895631727,-0.4190423064070752,-0.41482727870994013
20180908,0.38747468137582924,0.3622672920647063,0.26426442580861315,0.06060576807019043,0.16150891521327362
