,Port1,Port2,Port3,Port4,Port5
20180421,-0.34194007406649274,-0.3813970362725682,-0.5384526323197611,-0.4962623355053135,-0.41110066776149334
20180630,-0.47969598403346997,-0.4418415740034154,-0.4726638675437988,-0.4688601293612801,-0.4905219451906642
20180908,-0.10837270460802854,0.12611405770968664,-0.0428345165444566,-0.06626235940327423,-0.21122032174372166
