,Port1,Port2,Port3,Port4,Port5
20180421,0.27779007306726056,0.5575677007311263,-0.027496782960781063,-0.014565692934708564,0.03869043634211647
20180521,-0.42000348987030983,-0.38448979141611245,-0.3501748134472013,-0.27497082565736336,-0.42951541761586365
20180620,-0.1938951743460363,-0.19751412872779145,-0.16564187560352306,-0.02242903549238007,-0.1901775149407324
20180720,-0.3342615222139287,-0.3243272596884025,-0.36369605489911117,-0.41340184437791516,-0.37337560953845306
20180819,-0.13309024062595134,-0.10192778572527403,-0.13920259306818983,-0.10549850624034197,-0.156865699456687
20180918,0.1683093317184693,0.15589135816257008,0.06490854650810067,0.12464494111549733,-0.06856547736768913
20181018,-0.19424490419490587,-0.2163631006429668,-0.08159525558166111,-0.19398891017774358,-0.10585800698551946
20181117,-0.4461425948071344,-0.4503010624935953,-0.39751538417821414,-0.4509078632529579,-0.2760444657371096
