,Port1,Port2,Port3,Port4,Port5
20180610,-0.2613828301135444,-0.21082393007417635,-0.1416783793800588,-0.18468752186454065,-0.34643882667580095
20180730,-0.38506079841823737,-0.44775064101601,-0.4750154155816174,-0.44961482775079553,-0.45587100272463704
20180918,0.40282781431471965,0.16250419235990055,0.23972371837429982,0.0792423052278446,0.1785669722159901
20181107,-0.48837183663617895,-0.5122887105237772,-0.4849143494426131,-0.5153803588250432,-0.6036263659066828
