,Port1,Port2,Port3,Port4,Port5
20170913,0.23085213224047463,0.018666498268747885,-0.022944069354081255,-0.049676329902447434,0.08878055852447592
20171007,-0.11308107807577857,-0.03997000117540223,0.007086783179669292,0.07251358789013637,0.054639878879047435
20171031,0.41360367328007763,0.3293455461643412,0.5019461208478628,0.412855995606911,0.8560626144328424
20171124,1.4288521842716906,2.9805503247376164,3.5663518199840483,1.5456310368350445,2.336464884599385
20171218,0.7321020058321002,3.587033447403812,0.4647188970246837,0.8426085693284269,1.3861365547144775
20180111,-0.39658268130269364,-0.3463549160948165,-0.39916962930547234,-0.49625641963414757,-0.5462954183398796
20180204,-0.02563293302829031,-0.2017305650656687,-0.047444148789822574,0.029454440799638187,-0.15071601836232743
20180228,-0.2699088647160867,-0.207420147251355,-0.23502115957798989,-0.22811030583138442,-0.3512583454064727
