,Port1,Port2,Port3,Port4,Port5
20171001,-0.06045069571115456,0.2636033445907147,0.02762404155368319,-0.021225787062332857,-0.14294387028912825
20171025,0.5011341989481811,0.5274276062678904,0.09643615350264698,0.37253713921559833,-0.033306604278171156
20171118,0.6614930993488283,1.2919330945878849,1.7810700223974056,1.7372501128075681,1.8573527907336869
20171212,2.3800924947303876,2.261790800464081,1.9294558176294523,0.8866337346253924,3.3463792589638195
20180105,-0.018195278325645717,-0.035119697100440904,0.1299606066711359,-0.14913814010619963,-0.13840916548345497
20180129,-0.32463901548282764,-0.30544269350732955,-0.4632659396365024,-0.4535572835472553,-0.4240198742089353
20180222,-0.3708464362242459,-0.35256217604230045,-0.3649736176544799,-0.34611596808512096,-0.32498626479340437
