,Port1,Port2,Port3,Port4,Port5
20170913,0.01603802527346728,-0.06978159618400599,-0.026515869796783567,0.04665714495117203,-0.06465253759399163
20170925,0.13352819406616687,-0.040118649142429956,0.11139036727001615,0.24062618760851756,0.33333172047783566
20171007,-0.08461679225467013,0.017447905345815463,0.010624467447267869,0.03157249627725951,0.06658586544766916
20171019,-0.08410543704466455,-0.00729885335524576,0.08096312764427677,-0.12649169680630906,0.06341772700780925
20171031,0.0566887736690474,0.07295809950483714,0.1827464137942076,0.027964595610817072,0.1918819764499373
20171112,0.19130350196784832,0.42595079832503047,0.3379839535315027,0.5077561296922899,0.3745255743242006
20171124,0.3606298452842908,0.5667611809395122,0.616563697078635,0.812042854963671,0.767773532744893
20171206,1.0078782733523524,0.7842536164066193,0.9090880304767217,0.7398595881524135,1.3841688453056158
20171218,0.02479531486011233,0.2988719117999708,-0.0304950764030295,0.1258832803231274,0.36389674881931666
20171230,0.4817017064982288,0.5457745603074969,0.9361441068887408,0.47873707572304003,1.806132214260001
20180111,-0.12387844772264826,-0.09417111662609182,-0.16660461402016,-0.2565134868160277,-0.2692231727544408
20180123,-0.39079069173759595,-0.2979801082170999,-0.36172072215470913,-0.23192680596347653,-0.31948164797488116
20180204,0.32021910951421656,0.09617883735324632,0.17200203578068235,0.23989609909298418,0.014602444759448855
20180216,-0.19034567946995115,-0.2926365840873615,-0.1764997024163834,-0.19280055460628445,-0.20889002902072754
20180228,-0.15943705469051478,-0.19154281358135167,-0.1461301236228932,-0.16679903395288623,-0.21577755111464053
20180312,0.0008243020068455422,-0.0420099593623666,-0.1325263121469415,-0.10671371787943487,-0.15272463874630884
