,Port1,Port2,Port3,Port4,Port5
20170919,0.018803379483023866,0.1319921314827463,-0.07076504991877562,0.11873577182367644,-0.21589785481199228
20171013,0.19343831688015276,-0.08055863186095498,0.02469290045705822,0.08756138616057038,0.1756206602635101
20171106,1.055773597028274,0.4460215062988861,0.5510803363186706,0.8470273345530148,0.7281010229208288
20171130,1.3645282589850596,1.7006651457522577,1.191408753119762,4.204513625783733,1.317750275685529
20171224,0.4163482722124822,0.22422580805175243,0.6277511370919308,0.4761287758098583,0.8135219026091995
20180117,-0.23517959158005264,-0.3049174742149125,-0.2945487609069836,-0.2650146793545051,-0.38684412983105704
20180210,-0.21403584066555362,-0.06168731269684971,-0.03812102029900995,-0.08239825988646142,-0.08151846587782291
20180306,-0.4072783943763091,-0.40925417491190164,-0.37200143017185733,-0.4106812404265994,-0.4613765647691589
