,Port1,Port2,Port3,Port4,Port5
20180409,0.7431546815022108,0.9816486367080602,1.54524324665336,0.626305862815151,0.6592481676546651
20180519,-0.3838908912225591,-0.59241680701126,-0.5391864150285569,-0.5645173203214406,-0.5145991446563344
20180628,-0.12478602480395291,-0.16643392418650937,-0.13472294887663563,-0.15213616576593256,-0.22100036764070338
20180807,-0.21646197996503252,-0.19775158384394223,-0.3703774462777409,-0.18601498095439523,-0.2380941230733422
20180916,0.30579243042845217,0.060326144895241414,0.24385197687291496,0.001756909803631535,-0.03065333283618146
20181026,-0.3600476682278021,-0.32173733767859036,-0.5145053807507247,-0.4808805777855565,-0.5381999844799971
