,Port1,Port2,Port3,Port4,Port5
20180415,0.48894220559266216,0.3162604037418263,0.5970952244333654,0.22299121631607774,0.5900915906276782
20180515,-0.24342582364287807,-0.44859129506791673,-0.4374808129833424,-0.3242287327816108,-0.3782269118298782
20180614,-0.22794880482139496,-0.3315145311672136,-0.21958136559411692,-0.16126280186959935,-0.2377641071630385
20180714,-0.3253708830744396,-0.42065739154903553,-0.4425041981668448,-0.3804988055531664,-0.36397730319177957
20180813,-0.14873224820113667,-0.06637231673281284,-0.1224249138737052,-0.10515757139073446,-0.02392382798298935
20180912,0.21676389594646425,0.21719545986318656,0.009239611615894159,0.03204880845033392,0.009617862148470713
20181012,0.30925470226940327,0.15802158506617922,0.07725842699946996,0.032103919968402346,0.0733510707061832
20181111,-0.4252001350589635,-0.5603249852143134,-0.5467228291445468,-0.5469787275628148,-0.6062092856392276
