,Port1,Port2,Port3,Port4,Port5
20180405,0.2821829804858967,0.1797101350522994,0.47922860748144563,0.0029162143610354466,0.13081994439946348
20180614,-0.4561125135969154,-0.479959152142064,-0.5949094239325249,-0.4995773718386345,-0.5309522653288274
20180823,0.2896850125256606,0.09612135503849688,0.12591140267825104,-0.007226565841199288,-0.13205162654739838
