,Port1,Port2,Port3,Port4,Port5
20180409,0.37517267814611016,0.513934146904572,0.988630997001601,0.24346761703070016,0.4412133431272365
20180608,-0.37475875233472766,-0.5761499558263469,-0.5507469287872958,-0.45045379046499445,-0.5634520338278115
20180807,-0.23977016628049239,-0.1275527279911635,-0.30320317565120175,-0.16937196858519257,-0.1763990659014639
20181006,-0.16341723201289654,-0.5060799955748646,-0.5456611043059046,-0.493753389064047,-0.525616442962187
