,Port1,Port2,Port3,Port4,Port5
20180405,0.6913814727574277,0.6018523277306126,0.8826650263331717,0.3375696756531608,0.4436143619076237
20180604,-0.35009765387749964,-0.48418024195224546,-0.5692867887199031,-0.40739661455978315,-0.5133466359226997
20180803,-0.2581541652213564,-0.3397717087769569,-0.3034674834239527,-0.23104773765687348,-0.23224721051956668
20181002,-0.17958062976920144,-0.4148557561918348,-0.43466748399430505,-0.43469190679420083,-0.4569802172626085
