,Port1,Port2,Port3,Port4,Port5
20180405,1.0101305068528537,1.268715960751717,1.4799218061810977,0.6970425555068984,0.8159222567211365
20180515,-0.36688004993932255,-0.6145713085858783,-0.5290645924948396,-0.5024421024138191,-0.4963802615408351
20180624,-0.15734714979384812,-0.18522865424880613,-0.02889519588794342,-0.14151166533768997,-0.1965832228055998
20180803,-0.40951433694503814,-0.4334473621983562,-0.4235588744198491,-0.31976535319698185,-0.32513950262724317
20180912,0.44738528928088467,0.23528078603053343,0.3713691168709744,0.12642811145721325,0.04436616876919715
20181022,-0.17254786071805936,-0.44263730555183367,-0.43388806623620785,-0.3932121034570611,-0.4780122667198503
