,Port1,Port2,Port3,Port4,Port5
20180415,-0.3961548000785864,-0.35401890342675046,-0.3127598234497672,-0.469885324001859,-0.2862698367061208
20180624,-0.25202121981209596,-0.2573852781349908,-0.2756599497860018,-0.3078974410570705,-0.28518105988572745
20180902,0.11990627884665604,0.03251979862081987,-0.1703731384702894,-0.21126060552362108,-0.2400379458324612
