,Port1,Port2,Port3,Port4,Port5
20180409,0.9283741664451307,0.8725008046765044,1.9034072689412735,1.011065866306103,1.091297512953878
20180509,-0.135861715902403,-0.33711188243165496,-0.331098135124468,-0.24199373764605417,-0.26220862652460797
20180608,-0.25408365107242575,-0.37001913876959364,-0.3050670029449922,-0.25540963240645587,-0.3414548712553183
20180708,-0.306624902983186,-0.3812969728325036,-0.2706825322355304,-0.2975497596426319,-0.295400183424158
20180807,-0.28779637813709036,-0.19180239177868771,-0.3394938447307198,-0.12458305443565607,-0.2048919411457181
20180906,0.09442070326086352,0.09653595625569106,-0.025676409226066697,0.05541417969378819,-0.02613448122189601
20181006,0.1714080927438251,-0.016029658762299635,0.020082395713578952,0.029191382009474298,-0.03386404764460496
20181105,-0.23762033519248002,-0.512772934495336,-0.45871032670540773,-0.455811771902301,-0.551875185047533
