,Port1,Port2,Port3,Port4,Port5
20180409,0.01797771048419498,0.11548078490839175,0.378130873541561,-0.06909650966276489,0.1483391234086239
20180618,-0.3550139497467054,-0.46319709003285986,-0.5023892363610256,-0.5106228662168975,-0.38492621417108447
20180827,0.0842248482894609,0.15976662309765954,-0.0926995829334588,-0.16126574669395713,-0.18471754995118775
