,Port1,Port2,Port3,Port4,Port5
20180405,0.7396280040525216,0.6896101490778302,0.8263642148292576,0.33932865912615723,0.43074313732154373
20180525,-0.2893443156597152,-0.4346498245799146,-0.4914667752525084,-0.4266871608300714,-0.4286934181916321
20180714,-0.17189072535076166,-0.2651892667108449,-0.3791505353955769,-0.3273842716516881,-0.19180555969759502
20180902,0.10068525238309647,-0.09301980566930214,-0.14812222818703535,-0.10136015744044538,-0.22157668233757288
20181022,-0.34323852998547666,-0.5874358646679626,-0.5476275515996839,-0.5311478858724802,-0.6386547959113134
