,Port1,Port2,Port3,Port4,Port5
20180415,0.1246908865560918,0.041059887352069696,0.263767758617398,-0.09438631679056245,0.2841264863590127
20180604,-0.2302235661263727,-0.406233097987963,-0.41481820078078885,-0.32163843507020884,-0.36387203010514846
20180724,-0.5072139686194805,-0.5210627097145496,-0.44037642004955774,-0.5369561750962284,-0.5116762281554814
20180912,0.4133885817131946,0.7129298825549497,0.14570369175791725,0.03769081991856442,0.0009634877353756842
20181101,-0.2944886999512565,-0.4672157461383003,-0.476572279466722,-0.5238978645650821,-0.5344526794974098
