,Port1,Port2,Port3,Port4,Port5
20180405,1.361045979004751,1.3690524474021477,1.896175539862302,1.0544061685655757,1.2791496837090064
20180505,-0.2206150236614222,-0.360745182180084,-0.37474581191114126,-0.28898525210990184,-0.2651358795148737
20180604,-0.26029948790689117,-0.34805452863736486,-0.3736980185229358,-0.2796786231118143,-0.34559323884730664
20180704,-0.181205113742654,-0.3144333058625192,-0.22870769955086034,-0.26801648694681063,-0.21155996497119714
20180803,-0.17474625512345082,-0.2343489019850787,-0.17079282957756375,-0.08685884029345174,-0.12035101631744417
20180902,-0.047053663423950114,-0.152171817956838,-0.14379892688633283,-0.162912933884486,-0.1591327238790948
20181002,0.20186142458439793,0.059599428496502314,-0.029124249146600806,0.07850133731915361,-0.0713386689126213
20181101,-0.2556625155412325,-0.37839349169278425,-0.3770489806724549,-0.45753152421892124,-0.4669098253263981
20181201,-0.07484351717195868,-0.17879695028095857,-0.14877224240822934,-0.16636897164229916,-0.17711122013348715
