,Port1,Port2,Port3,Port4,Port5
20180409,0.4341053807631379,0.5663940557773874,1.0711083170858517,0.2717598648188756,0.375511748928525
20180529,-0.18064241787643912,-0.310619524809544,-0.2806817655505327,-0.36221632042771656,-0.30212356935453943
20180718,-0.4724931534367897,-0.4814896200438319,-0.47716759701223543,-0.4991742948190999,-0.45096436419745367
20180906,0.35283699719431577,0.09509659454243179,0.09627544990952507,0.006894765379558717,-0.10096678558172775
20181026,-0.46290417436083126,-0.4864932478424166,-0.6257540012578859,-0.5792368735925131,-0.6304312547702302
