,Port1,Port2,Port3,Port4,Port5
20180415,-0.1905730670709264,-0.15414951676535846,0.006207196302263865,-0.32311027628154787,-0.0411988602666987
20180614,-0.47592030206010366,-0.6019476803611272,-0.5298688125404093,-0.4561550819845921,-0.5347711990611708
20180813,0.0010827886400565834,0.06032982104007434,-0.046554481789088324,-0.09141498974802816,0.017934990485676174
20181012,-0.29358245611364014,-0.5034435212056177,-0.5449259319729115,-0.5210575734798609,-0.5807807441582711
