,Port1,Port2,Port3,Port4,Port5
20180415,0.18913174348084857,0.07125188623209908,0.19973618312880428,-0.0765441550460967,0.2683176139694146
20180525,-0.2695584232685632,-0.39857645427870186,-0.36070843571568884,-0.2816176974548298,-0.3240646074804753
20180704,-0.37272764137488923,-0.5644879426707136,-0.46552722940942626,-0.4659569021471003,-0.4666884479870252
20180813,0.11885860385250545,0.1045082254836036,0.016754021307747217,0.009089848505033745,0.11401939664854302
20180922,0.12552221840899952,0.3308990470295176,0.07659435319064342,-0.03999079820692159,-0.1310397285364151
20181101,-0.39131501198433716,-0.5751524299998434,-0.4728843287990759,-0.6083287752998999,-0.6092788296412505
