,Port1,Port2,Port3,Port4,Port5
20170904,0.08053557381594878,-0.0831631263929149,0.08985697591899892,0.04265558248243477,-0.10846679738080414
20170928,0.21848838207164817,-0.16321226754116183,0.08707720259893796,-0.005273098052073356,-0.07062924767378563
20171022,0.10145844159507302,0.2608825796065666,0.42979782680442696,0.7464316162951472,0.10263578691184073
20171115,0.8986019334989034,1.091299169150443,1.4910746835164153,0.39121309941409244,1.1192668697622257
20171209,1.8253752677284492,2.300603476554645,1.8721919832326306,5.125236623464981,1.3424810318064015
20180102,0.07630644552977933,0.03582695744049541,0.519143748146261,0.33108571012295107,-0.03804448398758679
20180126,-0.34683364452638415,-0.1902245490879995,-0.20006902902490453,-0.2432589285332914,-0.2931115203225255
20180219,-0.47900434363627215,-0.40763795569035755,-0.4509330511083466,-0.4271867824586979,-0.4373113393353864
