,Port1,Port2,Port3,Port4,Port5
20170925,0.28929337149693984,0.06129468092832146,-0.11237356901544296,0.019885963108497023,0.02185748898191146
20171019,0.3713996470534709,0.11260738813804962,0.020023259376699343,0.1104515338450562,-0.08463685032707159
20171112,0.6875184226221701,0.9362343936930705,1.899719837617452,0.5529134074782196,2.1701221783488895
20171206,1.6954909910689826,0.5950828123708369,1.3395067181231604,0.7340479558622209,2.997688586295401
20171230,0.4752898773670116,0.1424618799091319,0.5163591020702247,0.3621355990226149,0.6554280226740808
20180123,-0.1950733253202723,-0.10792694188182907,-0.28848167438958205,-0.1383583363277499,-0.34075566115588835
20180216,-0.39877338383955413,-0.31642404181030465,-0.3412916256973242,-0.3227580993725363,-0.3447862671882511
