,Port1,Port2,Port3,Port4,Port5
20170907,-0.004481158100434548,-0.2622180234314126,-0.035638252405938646,-0.10327615667279502,-0.15965429830569647
20171001,0.4479857335597012,0.007975556578531901,-0.016590158069406676,0.13611598462472507,-0.22562932161439167
20171025,0.3723497622330734,0.1580518128365243,0.5638750746385799,0.46847544996093154,-0.1619500495820206
20171118,0.4230970426521366,1.2655976415901764,0.981726467008741,2.5294868423792964,1.8757682850389588
20171212,2.1390551277439664,1.6684796642626734,2.4217929335100696,2.5672476742265777,2.5626524158526167
20180105,0.09611696026307824,-0.2654970705559122,0.3719063061747713,-0.190553794954253,-0.13005062429348593
20180129,-0.4378590444673063,-0.39541015154706094,-0.26293167296555664,-0.42131874254593965,-0.4584236766724391
20180222,-0.46925297654169573,-0.3137998521954867,-0.324241464088269,-0.3982523094405443,-0.335221893886426
