,Port1,Port2,Port3,Port4,Port5
20170915,0.9874681384349246,0.5706641153289157,0.8347952807552982,0.17084268148949508,0.9677840448703382
20171124,1.958081711123215,14.15977019439744,1.8203754809061854,2.8176782508400398,1.069178532711488
