,Port1,Port2,Port3,Port4,Port5
20170915,0.3080472004488891,0.15163037561050632,0.21926896429527473,0.00662195766448107,0.08996996619126901
20171025,1.918721203045153,0.7351712919588438,0.8708355683941329,1.703557716976402,1.1035481113724233
20171204,3.9695668951102023,4.556317970799816,8.686421237250507,2.8097312527531235,2.0199566473192156
20180113,-0.49182916677995514,-0.507616977939182,-0.6138928110865439,-0.6069435239340321,-0.5026335190523034
