,Port1,Port2,Port3,Port4,Port5
20170909,0.5529491353971493,0.10627137978571868,0.1777247335502631,-0.11411248187874999,0.5274964495064551
20171118,3.833752622178314,4.1763803982433965,21.298833954685943,3.9848761709283482,1.9473708285184084
