,Port1,Port2,Port3,Port4,Port5
20170915,0.32962645653002004,-0.17047951148030013,0.17564413594940734,-0.0934049186764207,0.29256414538444947
20171104,4.849907133737011,2.024243737604242,9.655110320418034,3.032063939792817,3.5229992973207858
20171224,0.009409615123825175,0.27482656473135103,0.08450608797117878,-0.15961509407950597,0.04898715669705285
