,Port1,Port2,Port3,Port4,Port5
20170909,0.032184786076961285,-0.08770043899936057,-0.07558249820065406,-0.19493988250240482,-0.050158237080250856
20171019,1.2014130221971007,0.546798594373308,0.72621148622581,0.8675174107502123,0.9574231243866081
20171128,4.808256998842759,15.971879009186939,2.962659816648547,3.392664369309685,2.9815458751011326
20180107,-0.4346460287369428,-0.33768690742832125,-0.36277084276726085,-0.4816028054209573,-0.4447648357978519
20180216,-0.5175931616780334,-0.3669166151619953,-0.3973186637970382,-0.5086623778265951,-0.5129118044954493
