,Port1,Port2,Port3,Port4,Port5
20170909,-0.0654438778965723,-0.2535895068797139,0.16348581825637365,-0.1768035739766503,-0.13061933893821767
20171009,0.2598055874723029,0.14609484383584206,0.2150776484897178,0.2186168886482041,0.530410618991682
20171108,1.9371469148815172,0.5005090026905495,1.5438235885625033,1.408395228393259,0.9938053512978976
20171208,2.58410651629384,4.908891456605614,3.823346989051009,5.7792966180784475,1.193619362039145
20180107,-0.6039553575542326,-0.41010806047121884,-0.4764305328258974,-0.5787926230299132,-0.5246876580106292
20180206,-0.25609358381873065,-0.10864950399518959,-0.14379033810352743,-0.20834747619805066,-0.13676133488905504
