,Port1,Port2,Port3,Port4,Port5
20170915,0.19821682614949723,-0.01657332203472928,1.122014722140236,-0.015180226666378902,0.0732610228671344
20171015,0.5358075640858598,0.2574629185293519,0.19535192999888806,0.3317754020362359,0.13442294850861872
20171114,1.169901108290222,3.443934748575323,1.3566242803738933,1.684241586895384,2.7312704924026296
20171214,2.587609532337654,3.946091495822896,2.358705774342644,2.0351202529351986,0.6878221211885314
20180113,-0.4817285105554734,-0.442687459572619,-0.5569552962473913,-0.5318401853267183,-0.4521600671413623
20180212,-0.3939594519315934,-0.33672181253274863,-0.35005035985394173,-0.4169901474209691,-0.3218235757729737
