,Port1,Port2,Port3,Port4,Port5
20170915,0.15448589539910004,-0.08512795091566935,0.3132650213421825,0.044404581951737264,0.07175158884568977
20171005,0.01985534309594232,0.055280276540450694,0.17498629325767312,0.36386232145980524,-0.12183864624459799
20171025,0.45029946897532075,0.2230827780057622,0.023808030965977944,0.060057517577321785,0.3364254796269998
20171114,0.6568894277282306,1.0474670007275813,0.6640958575303166,0.8184781860218194,1.1654431522037254
20171204,1.1196064550047764,0.9009730108957307,1.8285642316637178,1.3226840847875603,0.7607653746936999
20171224,0.9636423710711322,1.776602167129072,1.2628044118448776,0.9764061554814938,0.743301003106738
20180113,-0.494603939217638,-0.346730352146196,-0.547614470207141,-0.4867944971118818,-0.4286580337816536
20180202,-0.011211978061777383,-0.10890939634346995,-0.19627892402451172,-0.23799247881182903,-0.2070104376548633
20180222,-0.31329482470273395,-0.25963893232940566,-0.2561778353315427,-0.3160797072033428,-0.3246590382177282
