,Port1,Port2,Port3,Port4,Port5
20170905,-0.08574710091908105,0.07399784553578367,0.007903330277333354,0.5010113244430403,-0.25344664273711975
20171015,1.2397875065311998,0.08334852871835823,0.8838084458319276,0.34127612920739814,0.23824103051518072
20171124,6.415161619428309,19.77916357365938,2.87137000806035,5.492514557135493,2.071704698728111
20180103,-0.3891155246811575,-0.16900777808318057,-0.11015026593640698,-0.37504969161245955,-0.4526259900969312
20180212,-0.2889165706648388,-0.3370274371028306,-0.3188971656690894,-0.3588372139166307,-0.47673935580628746
