,Port1,Port2,Port3,Port4,Port5
20170905,0.19567956019438332,0.2583163489934494,0.022714991214477107,0.01227282360287342,0.21945568887381237
20171114,4.915146215921587,4.6612978006901535,15.985261235889304,2.590157984898713,1.9514663220156787
