,Port1,Port2,Port3,Port4,Port5
20170909,0.02029819587284369,-0.06416186037540755,-0.10834288889860842,-0.18654555274967932,0.0016019555486767043
20171029,5.169021203367433,1.9427954960961265,6.376663612116081,2.828475759112769,2.84036236158193
20171218,-0.3102836012613744,0.7067504420334213,0.4400843149080072,-0.31837060805883305,-0.17163243550552723
20180206,-0.3458802163692166,-0.2970454214510662,-0.2504213199654227,-0.33582505475377394,-0.3507771561532745
