,Port1,Port2,Port3,Port4,Port5
20170905,-0.14324506623119398,0.11070776293128613,0.06434701577638499,-0.18580724206101726,-0.15679084558773235
20171025,3.4636712843172375,5.83089046685159,1.118897493840584,1.4406631408500257,2.265562981649763
20171214,0.15716354319197332,0.6367339342140294,1.4210279486450175,1.264572907047877,-0.03407229540207128
20180202,-0.42448535622033123,-0.35170328256593436,-0.38724740588512674,-0.3435407673764096,-0.3802097343314844
