,Port1,Port2,Port3,Port4,Port5
20170915,0.6991601361617003,0.09395484106731111,0.5153166358897713,0.0822757306937593,0.6185040619953539
20171114,5.086846671013285,26.844171125412952,6.715761355733148,6.217757984540098,5.120290738310874
20180113,-0.5530047177071057,-0.6858820708453612,-0.7231698181053223,-0.7237085662369642,-0.6673319433433704
