,Port1,Port2,Port3,Port4,Port5
20170909,0.2398903376339059,-0.06567910602388514,0.04037553619611023,-0.16171750984016195,0.22357108841368806
20180107,-0.5926156778634665,-0.5172087088846206,-0.5928238009150913,-0.6846132130259056,-0.6126679121210321
