,Port1,Port2,Port3,Port4,Port5
20170905,-0.06910757261515338,0.019969440336836296,-0.11183398096444046,-0.2794421966870016,-0.04338335466235186
20180103,-0.3323400312654862,-0.09051788701206176,-0.2161197120671548,-0.414225997486912,-0.484636654429268
