,Port1,Port2,Port3,Port4,Port5
20171207,3.0838934291056,0.8683317935406172,0.6421206130200064,0.8820182576120823,0.445479637310684
20180215,-0.20058806723140554,-0.21970895981514013,-0.19947624772669761,-0.1548093746423363,-0.10271551743030022
20180426,-0.383229666380821,-0.49512438798099095,-0.457780752235305,-0.552777844218762,-0.48618192779353214
20180705,-0.3813665273755605,-0.5320018789220123,-0.5038242800690678,-0.4775385011316687,-0.46966066546396484
20180913,-0.0419678526610348,-0.34828363835929566,-0.3708972286276246,-0.40277663976906325,-0.4685266293514315
20181122,-0.21453191008123249,-0.26058507234703715,-0.17891754484619735,-0.20818224133521387,-0.1471352529752538
20190131,0.77492381819916,0.7942070014041207,0.6319819821572248,0.8471749742852481,0.7046073300206919
20190411,0.11423602120316208,0.33308142162162635,0.23935369676398374,0.16440876285929137,0.264029796041796
20190620,-0.2704490935990371,-0.3724708769331858,-0.32881956243793625,-0.4432842762084769,-0.4158320168967585
