,Port1,Port2,Port3,Port4,Port5
20180409,1.8268792546296007,1.051750395911169,0.7976498935134164,1.1292293425083262,0.9412363935480796
20180509,-0.2553866544911503,-0.32558302052884114,-0.15054015218945072,-0.3048164049185243,-0.2644775568394248
20180608,-0.31434238201615755,-0.2848779358830479,-0.33767551734846885,-0.27248352130863346,-0.3171429763325178
20180708,-0.31491163064874245,-0.26405648749672816,-0.35131725558613147,-0.3118559988486823,-0.3089255239691633
20180807,-0.18967177616566047,-0.2084751082967368,-0.2777895474205479,-0.2194597214093909,-0.25601142845258407
20180906,-0.005161425002917034,0.10766458208764433,0.07470977800354178,0.03897835818421378,-0.01580415984669161
20181006,-0.09367813576202684,-0.0172337308413482,0.15602171052378655,0.12034935425973613,0.012126171863807404
20181105,-0.5038254076019955,-0.3349232579319323,-0.4160304020892503,-0.4446215280573754,-0.5173899576625043
