,Port1,Port2,Port3,Port4,Port5
20180405,1.2375042673263459,1.4710724839775102,1.117311931716195,0.8080348758136029,0.6226512764818152
20180515,-0.42360967722049025,-0.3750012001004299,-0.603288364232203,-0.5610785415887232,-0.5381759443941905
20180624,-0.16621153752148524,-0.2196661270481874,-0.11310307039306196,-0.14736451346055185,-0.06322063965060114
20180803,-0.37589965788865964,-0.3967951389021729,-0.3641671225798559,-0.43171026689839664,-0.3438952278531562
20180912,0.12295624797192053,0.23584951171001092,0.4394283376344013,0.35282317297326704,0.07540587063864783
20181022,-0.4039825037577402,-0.2669109172023539,-0.31253163626329933,-0.44877157272188967,-0.48810097273772923
