,Port1,Port2,Port3,Port4,Port5
20180415,-0.19138003343430526,-0.3829322308645826,-0.34149713290196637,-0.5006432711658226,-0.41628767040602566
20180624,-0.31142538965690214,-0.25323757803167823,-0.2450654870420984,-0.3066983194114311,-0.25833959027778575
20180902,-0.2163763415855456,0.01184072421950866,0.09196310198593885,-0.13676278363483477,-0.2158021811230756
