,Port1,Port2,Port3,Port4,Port5
20180415,0.9554704472582175,0.5331128944180089,0.32621855660424676,0.19153151505578897,0.17794534459764408
20180515,-0.42948832266418646,-0.2714636119652801,-0.42632071622429524,-0.39979168968411744,-0.30488923576774707
20180614,-0.18887847650152353,-0.24047398728899333,-0.25173317802867523,-0.25901210093230315,-0.23840627510670007
20180714,-0.4566692656957385,-0.2583396641256022,-0.4735532597742844,-0.43641265071096597,-0.3003103069568337
20180813,0.020843812773992637,-0.13529500831813113,-0.058839104072599714,-0.19177789257871075,-0.10610850116257314
20180912,0.09892965053884743,0.10575366606975706,0.22838950255410817,0.07774458767782466,-0.015752865484323465
20181012,0.02333312643609133,0.2952984091937296,0.17148583786809027,0.04007679162537867,0.12988470646343708
20181111,-0.5765271273767659,-0.553311385842101,-0.41062268577192834,-0.5426731184448519,-0.6020959798971129
