,Port1,Port2,Port3,Port4,Port5
20180405,0.6910643057708113,0.8545875279233551,0.7278605465229899,0.481723091842832,0.27367627223276947
20180525,-0.4218948587761538,-0.4955344662762502,-0.5027419568660006,-0.2637984398519753,-0.3849626187537944
20180714,-0.27889363624943847,-0.28260043079134456,-0.2352104609626726,-0.27648743562284,-0.2579038517125048
20180902,-0.17971904650583595,-0.1205837715025209,-0.019672420144120354,0.09216295530340785,-0.22922327440339568
20181022,-0.533109712022596,-0.4335780968607691,-0.48178018327615,-0.5552582265158014,-0.644679652174773
