,Port1,Port2,Port3,Port4,Port5
20180409,0.9075433077922788,0.702527006121876,0.25797950795936364,0.33651120598306666,0.32236637904389
20180608,-0.4837405347825799,-0.5333447404823909,-0.5269861067906729,-0.42284382606637755,-0.5462358404500753
20180807,-0.19006643934102546,-0.1972078996691439,-0.23024567497340884,-0.10444966756199513,-0.3012643850382041
20181006,-0.5445371895433943,-0.404580604695238,-0.2871630132642824,-0.46855080211537153,-0.5096376091684292
