,Port1,Port2,Port3,Port4,Port5
20180405,1.8489832003022268,1.4727265848987017,1.3583889726375191,1.2142771142867368,1.0329247983320997
20180505,-0.3861502643854777,-0.2997672001961757,-0.26398570044813147,-0.25185302550221456,-0.2981250063001701
20180604,-0.34565360435484294,-0.35600212358128736,-0.3352952390087188,-0.286815822693014,-0.27727967545263266
20180704,-0.24084402947722316,-0.12831127828949201,-0.3265183376106058,-0.3043765686235598,-0.20036418555936247
20180803,-0.155903056546166,-0.16242671229040284,-0.10216100275468042,-0.1874297907916114,-0.18263764941981597
20180902,-0.15865262001023203,-0.13587729265765958,-0.14612876678458683,-0.05996130462800875,-0.1648749262818465
20181002,-0.1300462911726531,-0.024283739902623776,0.16613087170934898,0.0669871539787435,0.16790351956491636
20181101,-0.4635613222239657,-0.4280923579555464,-0.23797557152511126,-0.34621849794001675,-0.4596985878071512
20181201,-0.19385563457236055,-0.07837573631988891,-0.18397512044430897,-0.17553947981838927,-0.10643618071016114
