,Port1,Port2,Port3,Port4,Port5
20180409,0.38106514989518436,0.2737720835177718,-0.06356502045006755,-0.008125151878628459,-0.016520907698319414
20180618,-0.42908163871071037,-0.4309082777128487,-0.4794402594194087,-0.43825688395754786,-0.44037399082901657
20180827,-0.19307423725402836,-0.07720492278199961,0.2691675509879504,-0.04766602592779919,-0.15061199812549092
