,Port1,Port2,Port3,Port4,Port5
20180405,0.43829998950799726,0.3022225757689656,0.3124571305780133,0.019463824399121445,-0.007993439075430283
20180614,-0.44650859260526865,-0.5344427692807203,-0.5527591247488834,-0.43981526152100736,-0.5889151295687499
20180823,-0.08517251875577071,0.27625682960416037,0.2406111274816199,0.03219708074928485,-0.07699972975448008
