,Port1,Port2,Port3,Port4,Port5
20180409,0.9430276422875109,0.7510282996610389,0.27759956323755336,0.43944337942566597,0.2738523319937169
20180529,-0.2540006930560946,-0.32464135058106847,-0.3463761746409499,-0.1725671610107173,-0.34509003488405526
20180718,-0.4876167534460852,-0.4126622373980794,-0.5496198656555936,-0.486479217206634,-0.44881677111177853
20180906,-0.02772782285443518,0.1620365766364591,0.3775557133228507,0.0207213418449099,-0.06579332853404908
20181026,-0.5000713473053432,-0.45049122589909385,-0.5368491178609819,-0.6358219635918955,-0.6585464107981114
