,Port1,Port2,Port3,Port4,Port5
20180415,0.46306139202448626,0.21209088603776471,0.1120357651870293,-0.07723481158093506,-0.07632193647285115
20180525,-0.2991362975044249,-0.378401700406197,-0.2592497975797502,-0.3438231198235048,-0.34943916896362986
20180704,-0.4313475263937661,-0.4132626080009285,-0.5181372374773431,-0.5080489831042206,-0.46459180861289623
20180813,0.19322684388570566,0.040743616809589885,0.21945336319129374,-0.08144253692884834,-0.015972990443181456
20180922,-0.06081359578934639,0.27214851211588814,0.09025673806767927,0.10426394976677698,-0.03902777803843856
20181101,-0.4999534823356465,-0.45131412989227604,-0.48173619768725484,-0.6026415180040671,-0.6219474803401049
