,Port1,Port2,Port3,Port4,Port5
20180405,0.8153993219082102,0.8365084770733273,0.6403220635110431,0.39693149804122085,0.25965364723814316
20180604,-0.4584227790787685,-0.5221722100094494,-0.5067670341421245,-0.37987515804940636,-0.44964602645562646
20180803,-0.27501943444808485,-0.2931843905531801,-0.26199508289835716,-0.2502123670092567,-0.2873376083469015
20181002,-0.4868661498834628,-0.4928269068893847,-0.14745911858246824,-0.43181921842921417,-0.34563167811634404
