,Port1,Port2,Port3,Port4,Port5
20180415,0.5301623445983829,0.12177456989644414,0.11497276365958856,-0.11426667175142573,-0.06041573484513286
20180604,-0.340401870112684,-0.39525112556030717,-0.28330652435439097,-0.40374235558117705,-0.302752188707571
20180724,-0.4786386038726,-0.47176583500571245,-0.5213892619573203,-0.5275666096820155,-0.5230582384629394
20180912,0.19591514205503976,0.44290696500090787,0.5307762979720151,0.1661162936551202,-0.005089852587767828
20181101,-0.39635465166004125,-0.3649175149673738,-0.44632452003406664,-0.5529920262298681,-0.5361220239500529
