,Port1,Port2,Port3,Port4,Port5
20180415,0.1737101396077936,-0.17759031548327808,-0.11575574384322514,-0.34704985560097423,-0.26042429587449833
20180614,-0.48751029106446236,-0.5525105312537412,-0.571162155076841,-0.4825315860194137,-0.5016433043716457
20180813,0.05012326742378093,0.004555084314008692,0.0904171962596972,-0.08523257730779853,-0.12650953809315502
20181012,-0.5489051281316181,-0.3076050004396632,-0.5156458370348246,-0.5385172630242229,-0.5331169982999729
