,Port1,Port2,Port3,Port4,Port5
20180409,1.3412399391732983,1.1932891167215518,0.6222007341770934,0.7951418963217097,0.5638565584283877
20180519,-0.5041458143961197,-0.5039695968554003,-0.46641923519692763,-0.5834044499210124,-0.5335030542071114
20180628,-0.09887923351036054,-0.1195004495364245,-0.20356203572817314,-0.2359250987632293,-0.1412126137355463
20180807,-0.23633120965530477,-0.2497115442435737,-0.3008759000799865,-0.1361727987771789,-0.2884036341987073
20180916,0.04778242134292815,0.45065405349201904,0.145199814284682,0.027681298931700984,-0.09355402144566552
20181026,-0.42523641433095855,-0.36148958952454535,-0.35361995239949034,-0.5114604065302615,-0.5635645861374153
