,Port1,Port2,Port3,Port4,Port5
20171209,2.3067468029673344,0.4716787167849184,0.050557950765200074,0.22171162468301547,0.2262426040389274
20180307,-0.0232815722528212,-0.09898390370479423,-0.05329442982560709,-0.2992543210084924,0.019357515750896465
20180603,-0.6180392394795906,-0.6662512300300469,-0.667308663929247,-0.5490535146265446,-0.5214025156032972
20180830,-0.3822152064428321,-0.49360386451351795,-0.5091836977953196,-0.5997271824171391,-0.5909356083045725
20181126,0.12608389538184764,0.17426272716166044,0.16542932396411641,0.10335357807407766,0.0851439615420629
20190222,0.9966164905118555,0.445319174997744,0.4222872128897316,0.43086514984713453,0.6942588091591486
20190521,-0.2196814205877327,-0.0896327759001439,-0.36859413344280095,-0.22346284259678378,-0.31094770256397225
