,Port1,Port2,Port3,Port4,Port5
20171030,24.23739994035327,2.751382934228463,5.280247684654232,3.857398395347181,2.1654406347429997
20180123,-0.5684611060795977,-0.4963958751341626,-0.4403833997017492,-0.439813893958731,-0.36853731422463337
20180418,-0.463388396068519,-0.55300102446214,-0.48812420827370323,-0.46896350571240575,-0.4156446220809004
20180712,-0.25703491811785645,-0.3785120544186107,-0.4005425224202242,-0.3191752738153287,-0.32443258183603374
20181005,-0.2632121106641391,-0.4955507859472104,-0.5348315127606158,-0.48231553084988427,-0.5535904940040224
20181229,0.8916115471879792,0.39919021065488386,0.5594623909657264,0.1848701936454513,0.44858254954925375
20190324,0.9181630284827798,0.43237540519915896,0.23456985664120394,0.268688672421433,0.6480928130944328
20190617,-0.16428840899978714,-0.4261646368728377,-0.3849878593356904,-0.29128073878571714,-0.4525015204775464
