,Port1,Port2,Port3,Port4,Port5
20171106,29.008038574790707,3.026847358237333,3.3832540605411983,4.0935569429167575,2.1132622085812716
20180130,-0.4807507788080827,-0.41244557361031564,-0.3498938087532719,-0.2876878827290458,-0.21773517418277594
20180425,-0.38858545361106417,-0.5114114182188577,-0.4820314226666415,-0.37100424914885965,-0.3710166576420009
20180719,-0.37411098915143465,-0.49224720643826453,-0.5429884533602951,-0.5053864957498859,-0.4851841585358568
20181012,-0.266603426413647,-0.3946122638183537,-0.35671251532502235,-0.5013852937113852,-0.47788337134927256
20190105,2.421333211668961,0.5114418301013276,0.6048827885124854,0.36236303939822695,0.4692682497980485
20190331,0.35418405476987846,1.3188924069086525,0.14129248729100624,0.2024440190881513,0.6308108257779783
20190624,-0.12604098222586507,-0.4050918687378736,-0.387811693596424,-0.34867960736215653,-0.4739074774357175
