,Port1,Port2,Port3,Port4,Port5
20171111,20.295645463744812,2.5566874692557255,3.2957079561772535,3.433712166369819,1.6247449572375208
20180123,-0.7095916605296108,-0.69263566173058,-0.6462572601326004,-0.6443069668991118,-0.5682720251460216
20180406,0.044991551446782574,-0.05367642591030848,-0.05555606777710553,0.02465895954738674,0.0998631232249916
20180618,-0.43823803911200465,-0.5134412487019905,-0.4648424519482789,-0.38003494744212307,-0.4345862535950911
20180830,0.22459266556698562,0.13463931849816713,-0.1101022703740188,-0.17292625537707873,-0.167363078329489
20181111,-0.4302007214611376,-0.4919145399983073,-0.516540273495732,-0.4903867460939298,-0.534911288691331
20190123,0.6697378327666869,0.9400845993063062,1.3187133582940913,0.5820033038948355,0.8567097174437709
20190406,0.16475739808278145,0.09925836483353224,0.04026789611363204,-0.004811081573567561,0.26296679817667534
20190618,-0.2142196987984142,-0.41183161824557485,-0.35770209764852656,-0.3392039579618944,-0.4459276554115187
