,Port1,Port2,Port3,Port4,Port5
20171014,24.755967404071015,4.614549429614811,6.450512313004184,4.923853226668509,1.998884777521375
20171229,-0.29419418515457246,-0.3902896142645375,-0.6435623165926936,-0.5822815292091722,-0.37577021295612284
20180315,0.1746049284282159,0.042526265894740053,0.1040946023330334,-0.09157751137718481,0.0647391497806658
20180530,-0.6526500883048212,-0.7091124638919972,-0.6920233298459302,-0.6066437150928661,-0.5370244019749699
20180814,0.44861088273686045,0.16828841078475804,0.3766714742172284,0.01911253242497832,-0.01903641554489304
20181029,-0.44100379320313987,-0.4708290241942001,-0.5995197420425766,-0.5400167151582075,-0.5598661550764222
20190113,0.556779225861089,0.6547348142994468,0.845881120735931,0.48184915178740906,0.6794861161407577
20190330,0.3111841468784657,0.8010670590663725,0.16846747346190447,0.18964406217373436,0.516348848446952
20190614,-0.24884438856631697,-0.41140498410919707,-0.3829949899177224,-0.4140207788220913,-0.4220471578866871
