,Port1,Port2,Port3,Port4,Port5
20171007,9.89157520127045,2.0817892249158723,3.934485190127883,4.486640662433183,2.1287597760140216
20171222,0.16760260275082975,-0.11194043827242961,-0.38828233665544887,-0.40650535120600256,-0.10461048794883375
20180308,0.043407877400443745,-0.08693420932954818,-0.14425816340387143,-0.08493050675658012,-0.05870353894765653
20180523,-0.5202465031488737,-0.5902221564167495,-0.6097576844584635,-0.46031378426131675,-0.4471358342289651
20180807,0.09507508203892676,-0.2304806606670642,-0.12797226421590802,-0.1922488952149056,-0.26012651434166123
20181022,-0.36112725449681454,-0.3798242605517402,-0.5273663235532561,-0.4976120593711614,-0.46173416363297665
20190106,2.9883907101899636,0.34850613221228405,0.4583533615587165,0.1344023681018279,0.30968866411998847
20190323,0.9042890569009646,0.37050998617650344,0.18680433762734325,0.21333446652947202,0.5056841308524854
20190607,-0.17618400010927757,-0.3527054757962595,-0.2943347841139206,-0.29847771465521356,-0.3366586072606705
