,Port1,Port2,Port3,Port4,Port5
20171120,18.512229851701807,1.661537605881616,1.8552827875352231,2.8118046584868335,1.0427593942976046
20180201,-0.44564474394827935,-0.3926352809456703,-0.37838921887163096,-0.3491299661947228,-0.2820633466923999
20180415,-0.3661408580165778,-0.49271159424963745,-0.48073585182003703,-0.4641341558867167,-0.3844373872011932
20180627,-0.40317713686748763,-0.5110248908727534,-0.44692380141762106,-0.3868712048589367,-0.3971770296925643
20180908,-0.1025445889387249,-0.22258529903918509,-0.4325728800044416,-0.39621724143225945,-0.40738619386417524
20181120,-0.19384548164826304,-0.11554103921336124,-0.19409556103819392,-0.17037351537352405,-0.29835701736730286
20190201,0.799497351578769,0.6929166752615817,0.797846287078743,0.6560158978852411,0.7234575610523567
20190415,0.07766384136908996,0.17910310580124755,0.4397803758938852,0.009568032864870962,0.2837707835221156
20190627,-0.032256772213681464,-0.3579203960007095,-0.3961950564681921,-0.3249465647298742,-0.4010520566113568
