,Port1,Port2,Port3,Port4,Port5
20171005,10.186868270268093,2.673320217691614,5.286173846948449,6.859054173475347,3.0298304653003645
20171220,0.47227093665206366,-0.2210100411586295,-0.2498396430200397,-0.45657177987288655,-0.19416322449992673
20180306,0.10523588721773938,-0.030678506687737132,-0.12362620899890582,-0.15670067948517433,-0.041108986799070595
20180521,-0.5814403897128715,-0.6201842615378701,-0.6717640385017029,-0.5004946452298416,-0.49105670668462786
20180805,-0.07009708824302832,-0.2954187216654581,-0.22955958263081055,-0.2504926577649053,-0.30544871083193553
20181020,-0.3795938488403015,-0.4584585744923885,-0.47381603783359744,-0.5140881444623789,-0.5022250480063881
20190104,7.042813234781785,0.4007620935552754,0.7529873376828121,0.18564133208001032,0.34706059858849747
20190321,0.7262393241528322,0.24289034689294936,0.07572574307229746,0.21373955052358373,0.48038773828223774
20190605,-0.11046066829114674,-0.2665290855394445,-0.24337066083976577,-0.20048954488527213,-0.3070036090109322
