,Port1,Port2,Port3,Port4,Port5
20171110,28.52205162478782,3.1656612929472203,4.130833923936144,4.486702332513158,2.2491729108255605
20180128,-0.623946333657552,-0.5957247862409676,-0.5544462998937717,-0.5456044054100918,-0.4786065451290311
20180417,-0.2619494933170482,-0.42768275224388985,-0.3666519799330631,-0.34976507557500996,-0.26615037655909624
20180705,-0.3063139160262306,-0.46963064963256973,-0.5049469842688978,-0.4147984592919701,-0.42749904288895635
20180922,-0.2256438263530842,-0.4950329616291314,-0.5937131793089555,-0.5318198281093622,-0.6342917429457977
20181210,0.17757043536264724,0.19172363036329707,0.326552982331026,0.09631796776161407,0.23666702664216174
20190227,0.9162673988936925,0.4764519142474749,0.4475420306413686,0.22170323143880571,0.625343156504663
20190517,-0.08135174591723283,-0.06172160862446733,0.1284547310092479,-0.1552681671248642,-0.09150979682768769
20190804,0.007663467656351897,-0.17127685214856792,-0.2461625416787434,-0.3974638052255741,-0.3091609155570892
