,Port1,Port2,Port3,Port4,Port5
20171108,27.70351458633487,2.504320111520344,3.527099452204565,1.6616366413873898,4.597269274767683
20180126,-0.6045558258339324,-0.5594001300427431,-0.5267266644006946,-0.5040315132411652,-0.4202668564568087
20180415,-0.3616783172155407,-0.43060398369698183,-0.39582451620278597,-0.3922449611509938,-0.2737338084392807
20180703,-0.33821913669947357,-0.486938979657374,-0.5010609871704647,-0.44785403217826764,-0.4401397011388376
20180920,-0.22941840417301695,-0.4282923075992588,-0.5535091179781677,-0.5265002557674779,-0.6178639755787305
20181208,0.12118636868629089,0.20158706160032425,0.22381517052371405,0.15903655999226915,0.25514062027589923
20190225,1.0790891499833255,0.4829889933141994,0.42797011845429844,0.5870049884291685,0.7656425402537802
20190515,-0.10335062128922426,-0.1310526060254457,-0.10630747496422577,-0.07886144080750021,-0.18433447362845573
20190802,-0.05737626311297995,-0.1558239083977336,-0.2330133077875545,-0.36114272609015985,-0.32433565983518337
