,Port1,Port2,Port3,Port4,Port5
20171113,18.69710123151159,3.1654065470068793,3.671083117714097,4.253414272921709,1.7713894549102325
20180125,-0.686228244385576,-0.682041816945057,-0.6377751744015171,-0.6378865650010889,-0.5617189175777219
20180408,-0.03845858982063554,-0.1871289762654901,-0.15574082538006315,-0.07992144304629464,0.030081443128662316
20180620,-0.4198119409926475,-0.4393544100406839,-0.4162188996614785,-0.3307573060862097,-0.38291798697593327
20180901,0.15866884603378573,-0.02208582941476718,-0.21954801367653323,-0.256993430191869,-0.24443784457143192
20181113,-0.4258889945020217,-0.4609030403995861,-0.4882307540655032,-0.495400328079207,-0.5149757908392231
20190125,0.8808529709285191,0.7615093256673309,1.0452116560129272,0.5093804156133153,0.8850661312026693
20190408,0.023602618242861983,0.22337761913431917,0.019896418872099007,-0.013404943854588448,0.2387553841114698
20190620,-0.1536583483871532,-0.3953955795638524,-0.36716295550098527,-0.3613437402245469,-0.4673724237491109
