,Port1,Port2,Port3,Port4,Port5
20171119,12.44617951748609,1.2260527696996877,1.1169337236100696,2.2118312392962776,0.7227377830370263
20180206,-0.11978766340712503,-0.01037624767328187,0.03236360680835525,0.021498621490856476,0.15055963611896428
20180426,-0.5146978870879729,-0.6058712639754978,-0.6177816519090101,-0.5098522893101932,-0.5124301226942602
20180714,-0.24408770299072968,-0.38281178299552016,-0.4211861851734914,-0.35663893666073837,-0.33782931971618013
20181001,-0.30895891677961695,-0.46390206783516974,-0.5604353842331321,-0.4515047401850017,-0.5962234814453901
20181219,0.08950025086780002,0.23797073299361685,0.15174983399538913,0.09410897758447526,0.25685021347230147
20190308,1.2352648459233373,0.5235171218817178,0.36692170520832607,0.37768628359730866,0.8352359406232669
20190526,-0.2603598627044908,-0.255384062825242,-0.14766210270747934,-0.263488686514664,-0.2813375001956251
20190813,0.19002563758450222,0.08483016481051131,-0.1779129166964437,-0.21189582072429433,-0.16555469829923034
