,Port1,Port2,Port3,Port4,Port5
20171214,0.9061197122712925,0.3453151910871444,-0.13754964679331927,-0.2548538325209997,0.06519009100279698
20180306,-0.18846978642501264,-0.15629634162065895,-0.30907398676422987,-0.33015178244939236,-0.17838509978935427
20180527,-0.5909027062653831,-0.6411267228556525,-0.6478297395801594,-0.5270632498850852,-0.4662948312324227
20180817,0.30966880453431483,0.03347604955979476,0.10700398575067883,-0.20584670205021666,-0.16567241301417643
20181107,-0.505666068076734,-0.4751161877592275,-0.6167669621291747,-0.5026998516433346,-0.5893170402413501
20190128,0.9167971712455232,0.816904244768692,0.7476555749268504,0.8011713513918726,0.7925704352159463
20190420,0.07661824220562144,-0.14703761627045786,0.29542472028655004,-0.20554003843870033,0.13264051347166475
20190711,-0.05047228589722399,-0.2945683275053571,-0.2888257148820992,-0.44022041319885274,-0.43583339500219737
