,Port1,Port2,Port3,Port4,Port5
20171028,29.481757626707605,3.552631449644385,6.2944865495341435,2.2921869328500004,4.757307092086812
20180121,-0.5676960973091142,-0.5790805346643503,-0.5165221823868895,-0.5564740232500948,-0.44965600969426217
20180416,-0.39780324411284146,-0.504347645165364,-0.41962885795112226,-0.409712018130215,-0.3469167581066406
20180710,-0.2947172876435698,-0.41830251978689154,-0.4365078120558197,-0.36197398785919693,-0.36156894024873343
20181003,-0.3429475896359231,-0.47908344175400924,-0.54330098643758,-0.45908327386676717,-0.5839261448179012
20181227,1.1407870050787061,0.5560204222321439,0.7846777153369959,0.24165996157378053,0.524049613352568
20190322,1.2761975256806417,0.3526090288911048,0.25332180133408067,0.25708034057015033,0.6270381800748372
20190615,-0.16763585843306045,-0.4192416441152659,-0.42857784391453585,-0.40605506633309524,-0.3789179311944247
