,Port1,Port2,Port3,Port4,Port5
20171109,20.460445834773537,2.2770482187432193,3.287990715751563,1.6610701261449605,3.3834595408800925
20180121,-0.6868233109801165,-0.7018998860986477,-0.651893183748045,-0.6646948412418141,-0.5823885183329138
20180404,-0.0046529861510280985,-0.11607372407008798,-0.13015249787465144,-0.027375356670405047,0.05921780741578582
20180616,-0.4109729421190696,-0.4961911396208161,-0.3743854409562582,-0.3526917779149031,-0.3836968163740276
20180828,0.1975145695978139,0.017354271216382607,-0.13363321266004283,-0.26324673484965727,-0.2042989493016759
20181109,-0.4385370369091037,-0.48319766387427976,-0.5586053120594165,-0.4669634801646956,-0.5448583805538129
20190121,0.6349853299710991,0.7181836841608976,1.043054504230251,0.5439498993647729,0.8393223786341459
20190404,0.427551353750144,0.11298061331882932,0.10345704335887103,0.0017097285881128965,0.3525603298363623
20190616,-0.20801543885230422,-0.4397648258897389,-0.3833194696881803,-0.362791637271717,-0.43166902443206323
