,Port1,Port2,Port3,Port4,Port5
20171130,10.137276741127492,1.3065384753683633,0.568388684006983,0.5487829045528436,1.5721856126487326
20180226,-0.19821395817347356,-0.2266615046565344,-0.30392248373867936,-0.39012622533765234,-0.2401984074223689
20180525,-0.6365238573802299,-0.6867899869663096,-0.6774196552200634,-0.5611544961861881,-0.5541439213733393
20180821,0.06925930790691599,-0.2143730846148779,-0.09500202932708357,-0.33825502501487503,-0.24739316634669867
20181117,-0.3328815728720764,-0.3724625429232193,-0.42785019269918756,-0.3978619032995219,-0.4274655336406099
20190213,1.0357418596902472,0.3445744405103697,0.3996752424788004,0.29697825124423927,0.6582528365921805
20190512,-0.07811630876232381,-0.03086550085869338,0.1217100793325382,-0.08757112843244769,-0.013283817972287303
