,Port1,Port2,Port3,Port4,Port5
20171004,15.834925460639726,3.7279247363063726,6.279108528347602,5.304626908737449,2.474299530953049
20171225,-0.358797781686889,-0.3893684938122209,-0.6381993094536736,-0.63908933328376,-0.38201173876182976
20180317,0.3216769817313091,0.17067203438700473,0.26431737295380575,0.031603372426613735,0.2909709053505555
20180607,-0.5748010714570807,-0.6195934374224557,-0.6158931167486009,-0.5009000122096149,-0.5037897468680937
20180828,-0.037944952361547414,-0.2402392141055794,-0.25738819248683087,-0.379999754477977,-0.35019106879325057
20181118,-0.39692904376476223,-0.37509928917601626,-0.4379694687858899,-0.4125231909516235,-0.4447863212008085
20190208,0.7157967891424164,0.3653018912971295,0.37567146675355073,0.44208488283514696,0.49392148512180667
20190501,0.0991279117897624,0.10374325571877542,0.09644299313656912,-0.11732568586772867,0.11158869784076213
20190722,0.06965330452493318,-0.17326157909297263,-0.2607179297353002,-0.3829300096233281,-0.3231301746326918
