,Port1,Port2,Port3,Port4,Port5
20171218,0.2809979372739867,-0.24268758872001286,-0.5005494118973541,-0.4999042521555537,-0.3202193835455867
20180310,0.10548282109605307,-0.04716490057101128,-0.12494621572557636,-0.048580074341745556,-0.026751775955512716
20180531,-0.630569861751882,-0.6629733904690629,-0.6752473090274769,-0.5722506822741938,-0.5314459134431687
20180821,0.4049435650949488,0.03583328128465675,0.14580826568845875,-0.15098931940579716,-0.09656604808216564
20181111,-0.4882193376592826,-0.5089771912171641,-0.5739889344044987,-0.5448827482642604,-0.5755362412270819
20190201,0.8132707833380503,0.5448146949645774,0.536110194800832,0.5612867352298051,0.6562092914187907
20190424,0.13139154542632434,-0.06694110410086368,0.16483352668364065,-0.12488774250712076,0.061023166598113035
20190715,0.007798887180164261,-0.22220032567059186,-0.2233298150662642,-0.3764489446911911,-0.3766296363639732
