,Port1,Port2,Port3,Port4,Port5
20171128,9.450490616394664,0.8894654899021112,0.34951469506173144,0.38017401165451253,1.1969499575514062
20180224,-0.1662573063188688,-0.20029336083936117,-0.22709734801071285,-0.35365020119573726,-0.23384561850275518
20180523,-0.6022682074310473,-0.6566159582288218,-0.6722314035375353,-0.5526758211933444,-0.5105354652816955
20180819,0.008082940538928456,-0.18455303218301064,-0.10344254747821612,-0.3459740054821804,-0.2653313143501276
20181115,-0.36860741496237703,-0.38401127230582555,-0.4663225743457816,-0.36313803130255645,-0.4379873969092168
20190211,0.7750828890008092,0.3708659484366671,0.3389319321650199,0.38413937418109156,0.5406369571225258
20190510,0.007396360713955177,-0.047617560384460675,0.04600490645700522,0.0294885534838144,0.0433756029046551
