,Port1,Port2,Port3,Port4,Port5
20171003,7.434340560794541,2.64497759036862,5.926205240879257,5.169514337046418,3.0781863121384982
20171218,0.8121639404594343,0.06100631503031758,-0.26970767368541526,-0.31674945185140724,-0.11724759284097008
20180304,-0.05926735869262559,-0.10532056327689904,-0.1569099704908055,-0.3103913840665057,-0.13492831866517369
20180519,-0.5695116704348375,-0.6225162136564142,-0.6721529080259055,-0.5387931074487298,-0.412719680909561
20180803,-0.09846346482989132,-0.3555991629046642,-0.3243413579433257,-0.2737147116720252,-0.33438086036775977
20181018,-0.3384600660253125,-0.44343316234312286,-0.4645619738780528,-0.47280920011393235,-0.4730453640875606
20190102,6.429824008574568,0.4006423886038009,0.7130328378454663,0.13527431833622347,0.26363752491875786
20190319,0.6931376911359703,0.27305789076488807,0.07912039013600561,0.19108606955517746,0.6246497804579239
20190603,-0.17097905556962312,-0.25166029648180915,-0.25918146859598634,-0.22493927558523194,-0.33642983951144134
