,Port1,Port2,Port3,Port4,Port5
20171112,23.97517460520159,2.553391447710878,3.300921165817669,3.642398079813647,1.7791523349048959
20180130,-0.43293327178172,-0.44687078421805354,-0.37360633724140224,-0.2630332410433271,-0.3091165709624616
20180419,-0.378882609180228,-0.5008226136462176,-0.480769679005157,-0.3483835543873845,-0.3517394065693637
20180707,-0.35257633077856315,-0.5036488734533592,-0.532567106905643,-0.42580656121491134,-0.4421804849295
20180924,-0.24639693869270496,-0.4965735257367932,-0.5852215830608285,-0.5190142855355608,-0.6295201101522876
20181212,0.19669520546665512,0.22410875550002937,0.357416706088271,0.10945068252772559,0.28170002880044037
20190301,1.023062166596875,0.6036318576328439,0.3518748826777166,0.34498403155637675,0.769345658509926
20190519,-0.11791346992803027,-0.16263690035870074,-0.07954737190183528,-0.14035683378522368,-0.18697586877976144
20190806,-0.05248539064390289,-0.17065779588502447,-0.24189702865489315,-0.3660088345170864,-0.33851564372810733
