,Port1,Port2,Port3,Port4,Port5
20171210,1.8211380498887404,1.4045917749643582,0.47019078150312954,0.3621333328517853,0.9185765293920031
20180218,-0.15411288184452657,-0.0877204151846105,-0.022568037269538956,-0.12441988107217594,0.03638789985744875
20180429,-0.45646692694351737,-0.5893832037853269,-0.5914970964513867,-0.4716624912566898,-0.5155815850110002
20180708,-0.36374574695465367,-0.4929162961026977,-0.5543346315093362,-0.44279058685084993,-0.45195857269861356
20180916,-0.31115335345251344,-0.3188608327731342,-0.4739401579629673,-0.4715651568694,-0.49159739217253934
20181125,-0.15006469366505795,-0.050312439853077644,-0.09266025096112035,-0.009176161627356651,-0.19186163245801324
20190203,0.9142384293795878,0.8275260607262307,0.7422314635037831,0.7300682814254934,0.8091660992687099
20190414,0.15802712854300072,0.17614842442974096,0.2723252271400402,0.0279588060169902,0.41743835833928433
20190623,-0.12964795480772462,-0.43938412244004277,-0.3953044688413605,-0.3887618679021005,-0.4969874265371869
