,Port1,Port2,Port3,Port4,Port5
20171202,8.861732033069247,0.8275874808044544,0.33699443790358047,0.30841756270168486,1.1675220410735891
20180228,-0.06762808693636743,-0.2587440219352099,-0.281642789356199,-0.41057444219282563,-0.2329013626871637
20180527,-0.6262915467828544,-0.6791694837260027,-0.6743168942338875,-0.5436815217316601,-0.5460495537752028
20180823,-0.12073501573214888,-0.3345790999178566,-0.30442991869001557,-0.4156879622822958,-0.36394536104025194
20181119,-0.2235245949176221,-0.2198845141272311,-0.2850607738101993,-0.24398356155008583,-0.32230396301271946
20190215,1.1024473494975937,0.38488648874661957,0.5325828874314272,0.38980057593288864,0.8384452685341078
20190514,-0.11572760826501688,-0.14615949421979663,0.037018935199371494,-0.21379449025311517,-0.14880918527424114
