,Port1,Port2,Port3,Port4,Port5
20171026,28.99093421462908,3.4295239350944473,6.341233152786378,2.26413121977393,4.702019814532047
20180119,-0.6206593188627535,-0.6075059294185619,-0.5563008145938084,-0.5936184250162089,-0.4612702234991296
20180414,-0.3143635755784848,-0.3970893218593685,-0.35792556194377556,-0.305908508475397,-0.21339150343841826
20180708,-0.3525983449970821,-0.49395474997775374,-0.511880494985679,-0.3974110369249811,-0.41993895348226074
20181001,-0.2708213279132734,-0.4582557382984694,-0.5146079160528814,-0.4074829619791506,-0.5589078705728644
20181225,0.9834206791564348,0.4519630399760813,0.756588900445407,0.2427501879392309,0.3801896090519192
20190320,0.8925096388706587,0.4554007843119255,0.19810028921815329,0.16855362005837288,0.6249854163422022
20190613,-0.14380656615346507,-0.4412207638626883,-0.43788479549863946,-0.3858213170322246,-0.41683093385541636
