,Port1,Port2,Port3,Port4,Port5
20171216,0.5084097207179029,0.13955419382587358,-0.2982389826403522,-0.36284454897852303,-0.11015410996297324
20180308,0.035830002450243675,-0.11849695107814277,-0.15925750833792907,-0.10887011700754338,-0.09843062064548638
20180529,-0.6016199238501426,-0.6511845954906665,-0.665540834668205,-0.5439270806390689,-0.4970020963859653
20180819,0.34418551923799556,-0.00612451926046912,0.08633453699808603,-0.1804383028822147,-0.15845580280771623
20181109,-0.4714961510495082,-0.48115128351123737,-0.5640024767566061,-0.5288185671177916,-0.5649639182371539
20190130,0.8957823460938521,0.7097053405352608,0.781140141545566,0.4008902564975528,0.8848486595263972
20190422,0.13839409321101812,-0.12678694684943123,0.18030548872616686,-0.04775626661229948,0.11591437361288744
20190713,-0.06020991034220012,-0.3144769305543817,-0.2949344403883502,-0.458684374807652,-0.44909596883941966
